label,review
1,很快，好吃，味道足，量大
1,量大，好吃，每次点的都够吃两次
1,送餐师傅很好，味道好极啦
1,又快又好，量足，经常吃
1,超级快就送到了，谢谢骑士很快，感谢骑士这种天气还在工作！
1,"送餐快,送餐大哥态度好,辛苦啦"
1,味道很正点！餐具很好用！送餐速度快！
1,一个小时送到的，很好吃，但是点了平菇怎么没给
1,味道还不错，红烧肉更软点就更完美啦！
1,"挺好的,服务态度也挺好的"
1,最近迷恋金桔柠檬茶啊！
1,"好喝不贵,红红火火哈哈哈"
1,好喝，也没有漏。，，，，
1,在这样寒冷大风的天气里，等了一下午的奶茶终于到了，已经从热的变成凉的了。但仍感谢骑士的敬业精神！
1,好喝，百度送的很快，非常感谢
1,师傅人很好，送的超级快
1,岩盐芝士绿茶每单必点
1,"一直很好喝,这个很好喝"
1,超快就送到了，喜欢百度外卖，真心赞！
1,师傅很好，服务很热情！
1,隔三差五儿的就点两杯味道不错！送餐员辛苦啦！
1,"挺好的,辛苦了"
1,好评啊，配送速度超快，这大雾霾天的辛苦啦~
1,送餐员态度很好！辛苦啦！奶茶味道棒，谁让我是个奶茶控几乎天天喝…
1,非常喜欢味道不错，辛苦了！
1,美味，及时，经常订，希望优惠力度再大些
1,。送餐员特好的说话。。。。。。
1,服务很好！还送了吸吸冻！哈哈
1,非常好送的很快，，，还是热的。
1,小哥长得帅态度还好，好评
1,很快好开心
1,几乎天天都喝
1,"味道超赞,送的也快提前了半个小时"
1,一如既往的好
1,好的还可以
1,下雨了，感谢送餐员
1,菜很好吃，就是炒饭这次给的有点少。
1,态度很好，效率很高，给十分赞
1,挺快的味道不错，推荐大家选择。
1,很快很好吃更给力会继续支持的
1,味道很棒啊
1,谢谢骑士，辛苦了～～
1,撒得一塌糊涂，味道不错。
1,嗯，好吃，黄焖鸡真是吃一家一个味，我喜欢这个味道，棒棒哒
1,米饭有点硬，有点凉了。
1,"飞速送达,谢谢配送员,菜品也不错"
1,"太实惠了,味道好,好好好好"
1,速度很快，用了不到20分钟就到了，东西也很不错，赞一个！
1,饭到的很快，服务非常好。
1,挺好的，送的也挺快的，米饭再好点就更好了，感谢送的coffee
1,送餐很快，味道也很不错，量大
1,"分量很大。对于食量小的妹纸是可以俩人吃一份的…。味道也不错,送的又快。非常赞！"
1,活动挺好、希望继续保持
1,不错、白度快递小哥速度够快！饭品也OK
1,很满意。味道好好，量还足。送餐好快，谢谢百度外卖的送餐师傅。
1,没想到这么好吃，好评！！！
1,快递小伙真不错，菜的辣味十足
1,"虽然比不上湖南当地的但在北京来说味道算不错啦,老板湖南人吧"
1,很不错，好吃，以后还会买
1,送菜速度很快，很好，谢谢师傅
1,这么大的风！骑士送来还是热的！速度真心快！
1,热干面不好吃。。鹌鹑皮蛋调料汁味道好怪，其它的还挺好，派送员服务很好！
1,非常方便，百度骑士很赞！谢谢
1,还是一样的好吃，全吃掉了！
1,都不错，配送员很负责
1,"热干面口淡,皮蛋还不错,送货速度很快"
1,美团不能送，果断换百度，很快就到了，师傅辛苦，谢谢。
1,这次味道不错，下次购买
1,来的时候汤洒了！面好吃.牛肉最好在炖的烂一点.
1,送货超级快，服务超级好，一旦拥有别无所求
1,比预计时间快了好多，又快又好，好评！！
1,好吃，但是被烫泡发了
1,"很好吃,忘给筷子啦"
1,很好，热干面有点干了，但是是正常的，好吃。
1,面和粉的味道很赞啊，分量足，牛肉肥肠也给得多，豆干好大一块啊
1,好吃，百度骑士非常棒
1,按配送时间送的，而且有发票，挺好的。
1,东西有点硬，不及别的地方吃的松软
1,超快，很好
1,不错很快～
1,送餐小哥很敬业
1,很快，而且送了番茄酱和纸巾
1,好吃，送的特别快，好评
1,"送得特别快,饼味道一般"
1,"味道不错,就是小点了"
1,饼太油腻了。吃几口就不行了
1,比较远，不过还可以了
1,土豆肉丝卷有点咸了……
1,料很足，味道也不错，就是包装怎么那么复杂？！
1,送的很快，就是味道清淡了一点
1,很好！师傅辛苦了！
1,非常好吃，肉特多，连着吃了两次
1,超好吃！！！特别快就到了，很大一份～～
1,帮同事订的，很好！
1,好吃，加热一下就更好吃了
1,"味道还不错,有点点干"
1,味道好，速度快，不错。
1,"鱼香肉丝卷饼不如纯肉的好吃,有点咸"
1,超好吃，送餐也很快！
1,卷饼的面粘牙，粥还不错
1,人大写成三义庙不好意思。
1,没想到是熏肉，不太喜欢
1,快递小哥效率很高哦！谢谢了
1,味道不错，就是好辣啊！把辣椒拿出去又觉得有点腻，能吃辣的可以试试看！
1,"速度需努力，再接再厉,,"
1,味道有点怪，可能个人原因，不爱吃
1,饼真心不是我想吃的那样的
1,一个多小时…还好当初也不是抱着快点到的希望定的
1,送的太快了，师傅很辛苦，谢谢了。
1,"包装超好,饼也很实惠！"
1,"挺快的,好吃"
1,"一直很好的卷饼，但是这次拿到餐就觉得纸袋下面湿的，打开包装发现里面粥是倒的……,粥撒了……"
1,味道不错，还有手套送。送餐速度也挺快的，满意！
1,粥还可以，饼真不好吃，就是肉块，口感不好，不好吃。
1,尖椒土豆丝盐放少了
1,卷饼还行，粥太难喝，皮蛋瘦肉粥太腥了，还得自己下楼取，勉强好评
1,很快，也好吃
1,粥漏了又给送了个，很不错
1,吃完满满正能量
1,"一般,不是特别好吃"
1,真实在。菜有点少。肉很多
1,真的非常好，比实体店便宜。定了好多次了
1,挺好的，都是瘦肉，就是感觉里面多加点蔬菜就好了，都是肉，有点腻！
1,卷饼好吃。外卖小哥服务态度好。各种赞
1,现在的送餐速度是越来越慢
1,吃着味道很不错，也很实惠的店铺
1,要是饼再厚点就好了
1,没我想象的大，只有一个卷好了的，差点不够吃！
1,尖椒土豆丝不好吃，别的都不错
1,送的比较慢
1,我以为我要等到饿死。结果我又活过来了
1,送餐速度快点就完美了
1,非常好，不错，还会光顾
1,"味道不错,就是有点油"
1,不错！很好！不错！
1,送的有点晚，挺好吃
1,挺好的，送的很快，包装很好，肉太多了，吃不了也是醉了
1,"吃着有一点臭臭的味道,难道是就这个味道么……吃着挺好吃的"
1,很快，很好吃，就是优惠力度再大点就好了，或者价格在便宜点
1,送餐速度快，好吃
1,多等一个小时，但是看到外卖大哥穿着雨衣还淋湿了，心里一下就没了怨言
1,"神速,惊呆啦"
1,习惯好评，但今天的卷饼菜太少了，皮感觉有点厚了
1,好吃又便宜
1,食物干净，包装不错，有点品牌，可以
1,速度快、味道好、服务好。
1,太他妈好吃了
1,总体不错，不过备注有让加辣，结果没有加…
1,"OK,包装很好"
1,送餐速度还可以，饼很好吃
1,帮朋友订的，听说不错
1,二十分钟送到！神速！
1,太惊喜了，刚订上就送来了，而且感觉比以前好吃了，包装盒也从圆的变成了方的，非常棒
1,好吃，棒棒的
1,"好吃,就是有点贵"
1,"服务态度挺不错,菜品质量也好"
1,"第一次点的时候,送餐慢，服务态度不好，隔了好久，在看评论都说送餐慢，我也很犹豫，不过抱着侥幸赌运气的成分在里面，试着又点了一次，没想到送餐速度跟我预定的时间刚好，菜也好吃。完美。满分。"
1,肉好少，不过只花了四块钱，也不能期待什么
1,"好吃,送的很快"
1,非常划算又好吃
1,这个比那个肘子味道好多了
1,饭提前到了，而且还弄漏了真是的
1,"卷饼,有有点油,味道还好,皮蛋瘦肉粥,很好吃"
1,好吃的卷饼
1,确实挺好吃！就是送的有点儿慢！
1,肉好多！好吃！
1,香菇鸡肉盖饭很好吃
1,不错啊好吃
1,分量有点少，鸡腿肉不好吃，八宝菜原来是咸菜。。。
1,东西很好吃
1,"味道很赞，鸡肉很嫩很很有嚼劲，重点是送餐太快了，哈哈哈哈哈哈，喜欢。,手动10000000000000个赞。"
1,"好吃！！分量足,居然给了这么多肉"
1,味道不错，肉还挺多的
1,吃起来还不错
1,我这人很少打5星
1,好吃，送餐慢
1,"不错，常客了，肘子的好吃,送货也快"
1,首次尝试，挺好的。味道不错，包装新颖；不过量有点少，一个卷好像吃不饱啊……
1,很划算，就是送的慢了点，送餐师傅可能新来的，对地形特别不熟
1,味道还行，但是送得好慢
1,"下雨天,还是很快就送到了,赞一下！"
1,饼的味道还不错，但是南瓜粥如果真是六块买的话我觉得不太值，活动满减还不错
1,好吃有点贵
1,味道还行，量不大够。
1,不好吃，没有其他地方店面做的好吃，鸡腿肉的酱太少了，特别干，一点都不好吃！
1,"活动很给力,实惠,好吃"
1,好吃，不过送餐师傅的方向感要加强
1,味道非常不错！只是送餐时间比较久。
1,好吃！送的也快～
1,还行，挺好吃！
1,超级推荐香菇肉丝～～～～～凉拌木耳味道不错～～～
1,快，从下单到吃饭，15分钟。
1,"土豆肉丝卷有妈妈的味道,而且今天送餐还很快,大赞"
1,"1、尖椒土豆丝，说好的尖椒呢。。。全是土豆丝。,2、大号的卷饼，有点太大了。。。。。。,3、粥不错"
1,"好吃,不错"
1,包装很高大上～味道一般
1,大份太大了
1,"挺好,有优惠合适"
1,赞一个。很快的
1,"很好吃,包装也很高大上,惊喜"
1,很快就送到了，20分钟，很不错的，南瓜粥很好喝，谢谢~
1,很好吃很超值
1,"好实在的卷饼,够值"
1,很好吃很实惠～但有点不够吃，要是加送点当主食的饼就好了～
1,很早以前就听说过宇宙卷饼，但是一直没时间吃到。不得不说宇宙卷饼包装让人眼前一亮，顿时觉得逼格提高了一个档次。土豆肉丝卷饼的吃起来比一般的摊卖的好吃一些，用了满减优惠之后很划算，总的来说挺不错的。
1,送来都凉了
1,送餐及时，包装看起来高大上
1,就是有点少
1,价格实惠，味道也不错。
1,很准时，而且这次包装很认真，用券太划算了！
1,还是一样的好吃，今天还送个王老吉，很不错哦！
1,好吃，干净
1,挺好滴，外卖师傅很可爱：）
1,就是酱香鸡腿味，我说要吃辣一点也没给我加，关键送来是凉的，凉凉的，是一点点热都没有的，买了38的大份才吃饱，我是妹子。
1,送餐太快！也是一种错
1,老公说太好吃了
1,太慢了，味道还不错
1,不错，速度也必将快！
1,就是有点小
1,菜不错，但送的实在太慢了……
1,土豆丝卷饼好好吃
1,送饭大叔一级棒！
1,速度够快，包装也还可以，还没开吃，好评
1,非常好吃哈哈哈
1,送餐速度快。。。卷饼分量足。。。味道不错。。。还会再次光临。。。哈哈
1,非常神速，就是有点咸了
1,很不错的，很喜欢这样大小的饭盒，味道也不错，就是送来的时候已经比较凉了。
1,很好很喜欢送餐的小美女态度很好
1,我订的是套餐，怎么只给我送单点的？
1,经常吃他家的饭，很不错，超值
1,超实惠，好吃
1,卷饼太地道了，好吃！粥很清淡，不错
1,还好吧。肉倒是挺足的，就是皮儿有点干。皮蛋瘦肉粥好喝，但是碗送来的时候裂开了，很多都漏了，可惜。
1,"口味不错，女生一个人吃完还很饱,包装很不错"
1,货真价值的肘子卷饼，味道很赞，就是饭点送餐慢了点，可接受
1,味道比以前有改善！
1,好吃，馅料超级足！
1,味道还不错！就是有时候速度慢些！
1,一级棒，味道和送餐速度都很好。
1,"大冷天还按时送到,非常感谢，味道不错，多加了一份芝士味道很赞，就是里面的香肠如果再换换就好了"
1,芝士非常多
1,还不错，也很快～
1,配送大哥很热情，东西很好吃
1,谢谢百度骑士辛苦的送餐
1,送餐员非常快，联系了好几次非常好
1,都好吃，经常点他家的外卖(^_^)
1,等了很久，派送员非常有耐心也很有礼貌
1,"饺子不错,服务到位,因为急要,所以店家还帮忙送了过来,点个赞"
1,送餐师傅服务超好！满意！
1,一如既往地好，赞赞赞赞赞赞
1,连着几天吃不腻，赞店家的诚信经营理念，分量还是足足的，味道还是那个味儿，这次的骑士哥赞一下，还是住附近的，很高兴选择了这家美食，订餐那么多天，从没有超过三次的，吃得满意，吃得放心
1,晚上到家，累得不想动，能吃上热乎乎的饺子，赞，配送员热情的服务，必须赞
1,师傅非常好～谢谢
1,守时守信！非常好的骑士
1,送货速度真的太快了！！
1,配送速度非常快！好评！
1,很满意，送餐时间很快！
1,很好的，外卖小哥很好很快的，一会儿就送到了，赞
1,快递非常给力！！
1,真的很不错，不枉费我等了那么久
1,送蛋糕很快到家，蛋糕很好吃，赞
1,汁儿家的果汁是我喝过最好的，坚持下去哟，外卖小哥很给力，超快的，谢谢啦！
1,一直信赖百度外卖，挺好
1,不错，很好吃，送货快
1,一次买了40个哈哈。好吃
1,非常好，外卖大哥谢谢啦！
1,送餐速度快，菜量很充足。
1,定很多次啦！菜很好吃！也很及时！
1,鸡肉有点老，味道不错
1,披萨好吃，原味鸡翅非常好吃
1,第一次定披萨，送过来很快，辛苦快递小哥了，还是热的，披萨最好吃，那两份小吃估计还是在店里会好吃点
1,这次的麻辣教父一点也的不辣诶。。。不知道为啥。。。
1,感谢百度骑士，天冷了注意保暖，辛苦了
1,人好速度快，好评好评好评！！
1,配送很快！点赞，凑够十个字
1,味道不错，就是稍微有点硬！
1,点过很多次，味道很好。现在能外卖了超值。就是能不能把披萨的尺寸改大一点啊？
1,快速的送到了顾客的手里。
1,在店里吃过多次，第一次在百度配送订购，食物非常好吃，配送小哥也很辛苦！谢谢！
1,速度真快！饭菜好！我喜欢！
1,"好吃。速度快,哈哈哈哈哈哈"
1,送餐非常快
1,菜量很大，满满当当的，味道也还不错。
1,最爱阿田，很好吃！送的也很快！
1,味道很不错，快递也给力
1,原汁原味好吃好吃好吃
1,味道不错，速度快，大雪天的，超级棒
1,配送师傅好和善！辛苦啦！
1,不错口味清单，老人孩子吃都可以
1,没有放辣椒，吃着不是很爽
1,不错，很香，很好吃完美无瑕
1,送达好快，很偏的地址准确提前送到了。小龙虾特别入味，阿田大虾和在店里吃的一样。量都很足，配菜也多。
1,很好吃，就是米饭量少了些
1,"送餐小哥细心,迅速,辛苦了"
1,"一盒撒了,小哥又去排队拿了一盒,棒棒哒"
1,"超级棒哦,吃不腻哦～～～暖暖哒"
1,特别快！很满意的一次购物
1,非常方便。希望日后选择会越来越多。
1,配送速度真的很快，怏送小弟很好
1,百度骑士态度非常好，速度也非常快的送来，大赞
1,这大下雪天的百度骑士非常好非常快的送来了，必须好评大赞
1,送餐人员很热情，下着小雨很辛苦的大老远给送来
1,送餐帅哥服务超好。。
1,点心好.送货人员服务态度也非常好.赞一个。
1,非常不错，味道也非常好！
1,"送得很快,东西也很好次"
1,比在店里买方便，东西特别好！包的很规整，百度骑士态度也特别好。赞
1,很好吃哦~~~
1,味道不错，骑士速度也超快！
1,非常方便早餐到家。快递小哥很好。
1,小哥人很好，辛苦了～～
1,每一款都喜欢！太久没吃过油条了！赞赞赞！
1,一直点他家的煎饼，第一次点卷类，卧槽，辣成狗了，希望商家少放点辣椒，实在受不了
1,我点的一个扁豆焖面套餐，还单点了一个奶茶，还有一个煎饼，结果只给我了一杯奶茶，套餐的可乐没给我，客服电话还老打不通，送餐师傅也不容易，算了，习惯好评。希望店家能在网页上留下送餐师傅的电话好即时联系。
1,好吃但是太咸了，其他都还好
1,凉面很赞！值得回购哦！！！
1,"好吃,快递很快,健康放心"
1,"快递给力,煎饼给力,会一直点餐"
1,凉面味道确实不错，豆浆好喝。速度快。
1,唔，为什么要滴皇家煎饼，却给滴薄脆煎饼哇。。。不应该是夹油条嘛，伤心
1,还不错的，很快。
1,豆浆没有送，希望下次检查好再派送
1,"很不错,很好吃"
1,凉面有些油
1,给同事订的，还行吧
1,师傅很耐心！等了我好久！~\(≧▽≦)/~
1,很给力！价格便宜，好吃！
1,味道还行~豆腐脑的卤淀粉可能多了
1,很好吃，量又大！
1,真是傻缺的一个卖家
1,煎饼果子，吉不可耐！吃吃吃！太像广告了吗？
1,挺好的，不错
1,送餐很快，满意！
1,红油抄手不错
1,除了南瓜羹有点酸，其它都挺好的，还会再点的，除了南瓜羹。
1,"系统bug，我把地址修改了，配送员收到的地址还是原来的，幸亏黄太吉送餐小哥辛苦又给送过来，赞一个！,餐很不错，豆腐脑很好吃！"
1,味道依旧很好！这次速度
1,肉松的相对好吃一点
1,煎饼送到不脆了，鸡丝凉面味道还成，就是面太少
1,"小清新的饮料太甜了,很不正常那种甜"
1,味道不错，肉松的稍微油点，土豆丝卷还可以，加强送餐
1,"送餐小哥特别可爱,小跑着就把煎饼送来了,还一直说抱歉,送晚了,上次送错的这次也补上了,豆腐脑好吃,煎饼还是脆的好吃,其他的都不是北京的口味"
1,味道很好啊
1,煎饼很好吃~
1,久仰大名，到望京了，我觉得打折过后非常不错
1,美味，及时送达，好评！
1,送货快～一直听说黄太吉～终于品尝了～很好吃
1,味道不错，煎饼很好吃，比早点摊卖的好吃多了，豆腐脑也很好，量很很大，其实一个煎饼一碗豆腐脑就够吃了，可乐和炸藕盒可以当下午加餐
1,各种好^_^
1,送来的时间还是能接受的，菜品也都保存的很好
1,味道不错，耦盒很好吃！
1,生病在家点的餐，份量很大，味道也不错
1,还是挺快的，四十分钟吧
1,味道好，送餐快！
1,非常好，送的也非常非常快
1,送餐员太好了，跑了两个地方，辛苦了
1,葱花饼不好吃
1,不错不错，胃不舒服才点的粥，清爽，料足。外卖小哥服务态度也是很棒
1,一直在梅州东坡下单，好吃呦！^_^
1,很准时，还热着呢，满意
1,还不错，味道有点家的感觉
1,好吃！并且包装的特别好！梅州东坡棒棒嗒
1,这么大的风，快递还很快，而且菜味道不错！
1,好吃，就是速度慢了点。不过没关系。送餐小哥非常有礼貌。
1,味道不错，可惜量偏少
1,味道不错，送餐速度挺快
1,百度师傅人特别好，送餐也很快。菜品味道也不错。满意满意。
1,准时送到，辛苦辛苦，谢谢！
1,菜太难吃了！一次够了！再也不买了
1,速度很快，百度骑士人也特别好！
1,"送的很快,大冷天,送餐员辛苦啦,喜欢湄州东坡的菜,四季豆有点少"
1,眉州就是专业阿
1,包装很好，很快，就是感觉有点少。
1,说好的豆瓣酱哪去了，忘了吗？
1,炒饭配肉，有点腻
1,觉得很好，味道不会很重很油腻，肯定不是地沟油。
1,送餐快，我觉得挺好
1,取消订单了。
1,服务态度很好，还帮忙将垃圾带下楼，谢谢那位先生
1,送餐小伙子可贴心了，还帮我妈把垃圾随手带下楼了，超级赞！
1,送餐很快！服务不错！
1,"还不错,挺好,下次还点"
1,挺好吃的送的也比较快
1,非常好速度很快服务态度很好味道超好超赞云吞有点贵汤包便宜又好吃下次还来
1,"雾霾天气,还下雨了,非常快,辛苦啦"
1,快！好！牛！
1,服务很好，也很快，食物热热的
1,咸水鸭太少味道一般！
1,一直很满意，尤其是配送服务
1,南京盐水鸭不错，鲜肉小笼汤包皮薄很好。
1,送餐的人非常好，特意打电话提醒我们有优惠
1,送得特别特别快！嗖一下出现在我面前，哈哈
1,还可以。拌面有点干，油多了。
1,三明治的沙拉酱不太好吃
1,汤洒了些，量不错不过洒了弄得袋子有些脏。鸡蛋非常好吃！
1,还可以，送的时间算快的了，半小时吧～
1,"实惠,送餐快"
1,好吃~送到北中医才十几分钟~\(≧▽≦)/~
1,很好！送餐员也很棒！
1,送餐及时，味道不错～～优惠了好多～
0,菜品质量好，味道好，就是百度的问题，总是用运力原因来解释，我也不懂这是什么原因，晚了三个小时呵呵厉害吧！反正订了就退不了，只能干等……
0,点了200多块吧，整份鱿鱼卷只有3个，土豆片没见到，丝瓜没见到，总之整份比平时半份还少，不建议一次点很多，三种菜品和十几种菜品都是同规格的打包盒，不会再点了。
0,送餐太慢，每次都超时，商家都在催促
0,等了一个多小时，饮料盖子都破了
0,第一次送来，龙利鱼送错了，点的葱香的，送成酸汤的了，给饭店打电话，那女的没等说完就给我挂了，再打过去，说做完让我去取，她没事儿吧，这种人赶紧开了吧，留着是祸害
0,"糟糕,继续努力吧"
0,"煎蛋，香肠还行。肥牛太老！！菜花难吃！,最sb的可乐是热的，一打开喷的到处都是！,盐酥鸡上面的面太厚太硬！！"
0,不是现做的没事，至少您也热一下吧。
0,大差评，米饭是什么啊，是剩了3天的吗，餐饮行业这么坑，真没人性，直接扔了
0,"送餐撒了,漏的哪都是油"
0,我确实是忘记选择配送时间了，你们商家从来不看买家的备注么，也真是醉了，这就是直接吃片汤了，服气了
0,比预定时间提前40分钟送到，面和汤还没给分开，吃的时候都泡坏了。
0,我根本没有收到送餐，你们怎么这么无耻的自己默认买家收到了？！
0,"1.,十一点订的餐,一点三十才到,2.,12点催单，就说配送中了。,一点二十催单,还配送中。,我单位就在边上走路五分钟的地方,3.,给商家打电话,关机。,4.,送过来之后饼凉了,餐凉了,5.,肘子肉全是大肥肉和青椒,量也小的可怜。,口感我就不说啥了。千万别定"
0,竟让是冰凉的，呵呵，价钱涨了，东西倒是越来越次了
0,全凉了，面都硬了。送的慢可以理解，大冷天没用保温箱还是奇葩的锡纸包装，没法放微波炉。
0,卷饼凉了里面好多大块大肥肉，青椒是生的，吃起来很恶心……粥给我洒了一半，我用了袋子里的两张纸加上自己搭了两张纸，也没把粥盒擦干净。我看这家店名字很逗逼，没想到菜也很逗逼，不会再定了…
0,送餐员不仅送的超慢，而且态度恶略，这态度还做什么外卖啊
0,太难吃了！！送到都凉了还超慢！！
0,"非常差！速度差！饼拿来全凉的！！还弄在锡纸里面,你让我跟公司怎么热！！！！送了3个小时!！送餐员说餐多，这是什么他妈屁理由！谁尼玛让你接这么多的!!若是分配给你,你送不了就别送！!路不好走，路不好走是事实,但需要走你妈3个小时吗！！！！！？差评差评！！！媒体曝光！等着的,没完！！！！"
0,能不能不要一份餐等3个小时，是想饿死顾客吗
0,没给我送，还成交。气死我了！
0,非常非常慢！不推荐！
0,"好评，必须好评，有点如下:,1，有创意:把肉夹馍的皮去掉，换成煎饼包肉，有创意。,2，量足:图片是两个，实际只有一个，只要吃三个就饱了。,3，便宜:20块钱买个肉夹馍，真值。,4，送餐及时:十一点半订的，说十二点半到，结果一点半就到了。,必须赞!!!"
0,这个很难吃
0,送了快2个小时。。。
0,上次到了打电话，这次送到了不打电话，害我一直等！！
0,两个小时还不送过来，最后也不通知我就不送了，没有碰见这么不负责任的商家
0,差评，接单两个多小时没有送餐，打电话也没人接听，更无法取消订单，至今没有给予回复，这是订宵夜的节奏，送来带着锡纸都凉透了，你们都是只上夜班的吗？骗子！！！
0,菜难吃，送餐员态度极差，送不好餐回家种田去，别在这丢人
0,这确定还是以前大美女老板开的那家店麽？饼没完全熟，和以前的饼也不一样，肉就更别提了，块儿大的要死，还很难吃，从前的飘香肘子相当好吃啊~给一星是因为没有办法给零星，真的，差到爆！！！！！
0,不管口味如何，送了两个多小时，不骂街我已经是素质好了
0,嗯，送餐很及时！
0,皮太厚，不喜欢
0,"完全不值这个价,一个素菜卷饼15,里面就两根土豆几块洋葱,饼倒是挺大。,再也不来了"
0,送的比较慢，味道不错，就是凉了！
0,吃了一半就吃不下去了，里面尽是肥肉，吃完就开始难受，拉了一下午肚子，再也不吃了！
0,卷饼还可以，这粥也太不值了！皮蛋两三粒，瘦肉一块没吃着，这能叫皮蛋瘦肉粥吗？就是普通的白米粥！！！！
0,千万不要买，不好吃而且服务太差，送餐速度三小时，最失败的一次购买
0,11点半点的餐，12点45送到的！！蜗牛都比你们快！！！不会再定了！
0,~味道真的不太好
0,味道还可以。
0,还可以吧。吃着也就那样。粥不错，挺好喝
0,里面粥盒碎的，粥全撒了；只剩卷饼淹没在粥当中……
0,腻的很，难吃
0,差评差评，十点定的，一点半才送到，没有任何道歉，再也不会定了
0,"什么送餐速度，你么13：32订餐，14：36还没送来，打电话问人家答复还让再等半个小时送来，这你么也太霸王了吧，虽然就点一份也不能用这种服务态度对待，就算是免费得外送,人家都是第一时间响应，服务态度实在不敢恭维！！！"
0,这次不知道怎么了，两个多小时才送到，连个电话也没有，配送员连句抱歉都没有！
0,送餐者态度极其不好！！！！
0,真的很差，11点半订餐，下午1点半才给送餐，差到极点，送餐员居然到了不敢面对客户直接把饭扔在前台就走了，从未遇到过这样的外卖
0,难吃，做得慢，一点半下单还等了一个小时。根本不是在一点五十八送达，这么糊弄有意思吗
0,量少，不怎么好吃，太干了
0,米饭太黏，跟盖饭似的，只不过多了点蔬菜，不好吃。还吃乖乖吃卷饼吧！
0,菜都没放盐，一点味道也没有，饭太烂了，水水的，还有一股奇怪的味道
0,太差劲了~送餐晚了就算了，还让人自己去取餐，是你送外卖还是我送的，自己下去，还订餐做什么！
0,早上9点订的，下午1点多才送到。中间催了两次。味道一般。就这样。百度，你们能把握一下入驻商家质量这关嘛
0,垃圾百度送餐，多近的地方就没有一个小时内送到的
0,等了一个半小时，皮蛋瘦肉粥太失望了，卷饼味道一般。
0,吃完一会就肚子疼，过一会就拉稀了，不想再说了，你明白吗
0,送餐晚了快一个小时，态度极差。
0,我点的是肘子卷、您给我送的五花肉卷、真心当我吃不出来么？
0,好多肥肉。。肯定不是肘子肉！
0,菜品两分，不能再多，肉菜卷真没见着肉
0,味道不错，就是速度太慢了…两个半小时…等到没脾气了
0,好慢...吃得还不错
0,老公说一般
0,不好吃，香菇鸡肉卷，里面全是香菇，几根鸡肉，没有一点青菜，粥的碗那么小。
0,等了2个半小时，不是肘子，都是肥肉，而且特别辣。黑暗料理。
0,不知道是送错了还是本来就分量少，我这个大份的，特别小。。
0,味道一般般
0,"慢,真心慢,真心慢,卷饼还可以,拌饭真心难吃"
0,味道一般，送餐时间太长…………都要长毛了，下次应该不会想再订了
0,第一次体验，但是感觉真的是一般....
0,"太多肥肉了,口味一般"
0,"催单,电话打不通,三个小时才送到,不会在定了"
0,垃圾，难吃死了，饼还不熟
0,"皮厚,菜少粥不满"
0,太太慢了，
0,说退款也不退，一点都不诚信
0,性价比不高，跟图片差很远
0,味道什么的还不错，不过比预定的时间完了1个半小时左右吧，饿的有点胃疼……
0,非常难吃啊，非常难吃，特别难吃！
0,南瓜粥凉了，鸡肉卷有点腻人，建议加些番茄酱。
0,注明了不要辣，可还是辣的
0,"巨慢,巨少,巨难吃"
0,味道还可以，就是量少…
0,太烂了，太无语了
0,登了100多分钟，送餐用了2个小时
0,超级恶心，晚了一个小时，商家电话不是正在通话中，就是接通以后无人接听，严重鄙视！！！太无良了
0,东西少，送餐慢
0,太不好吃了
0,迟来了两个小时，不到十一点下的单，到一点了才送来，差评
0,妈的。饭都没给我送来，就默认交易成功了。什么玩意
0,我和朋友两个人晚上吃完，第二天都拉肚子了，而且我们两个那天晚上只吃了这个卷饼，真是怕了。送餐倒是挺快的，味道也还可以，但是拉肚子实在是受不了啊。。。
0,没给酱，很难吃
0,太差了，尤其是送餐员态度！不会在来了，全各位慎重，态度也就不说了，里面的粥都撒了，我就呵呵了
0,都没吃出什么味道，饿死啦。晚了1小时多。
0,"说实话不怎么样啊,根本不够吃,还那么贵"
0,卷饼味道很一般很一般，不好吃，但是便宜
0,我的肘子卷变成了香菇卷。皮蛋粥变成了南瓜粥。。不太合适吧....
0,两个小时送到，够够的了！！！再也不会点这家了！！
0,都没送到，订单自己完成了
0,味道一般也就那样
0,一般。菜量很少
0,鸡肉卷饼挺好吃，肘子肉的不好吃，没有肘子就是小炖肉加青椒。木耳不太好吃，味道怪怪的。
0,并不是太好吃
0,第一等了两个小时，第二真的不好吃，菜量还特别少
0,我等了两个小时，好郁闷
0,送餐慢，等了96分钟，让在南门取餐，尽然送到北门，还把餐给了门卫，味道也不怎么样，不考虑在订餐
0,肉有点硬，不如肉夹馍里面的肉好吃
0,"送餐速度还不错,但真的不好吃,肘子卷里超过一半都是肥肉,就算没有肥肉,味道也一般"
0,时间也太久了，还不是用餐高峰，足足等了两个小时。
0,还特意打电话说不要辣，结果还是给放了辣椒，客户的要求就没往心里去，受不了！
0,太慢了，等了两个小时
0,等了100分钟，我还要说什么吗？
0,只能说一般，不怎么好吃，米饭明显感觉不是当天做的，用水泡太久了，
0,没有什么味道
0,不能保证送餐就不要搞活动，2个小时送餐不能接受
0,慢死了，不好吃，百度外卖不靠谱，没意思！两个多小时等待。
0,好吃是好吃！10点定的11点半送餐！最后都13点了才吃上！真是够了！可是挺好吃的！量还算不错！
0,"38元餐,和15元餐,量的大小一模一样,告诉我这个是大份的,给店长打了电话,还骂骂咧咧的"
0,我定的6点15，竟然提前一小时送来
0,"十一点五十才送到,完了好久啊,味道一般,而且现在的并好小啊,大分的和以前中分的一个量"
0,太坑了吧，看图片以为很大份的，结果小的可怜，而且里面很多肥肉，根本不是肘子
0,味道还行，就是速度太慢太慢了，不到11点订的，快1点才到。
0,额。两个小时送来也就算了，我也认了。可是点的南瓜粥呢？？？？希望给个解释。。。
0,没见过这样的餐厅，十点多定的，整整送了两个小时，电话费都不知道打了多少！！！！
0,牛肉有点味道
0,送餐速度真的是太慢了，太太太慢啦，将送餐时间提前到11:15后，等到12:57才送到……
0,太慢了！青椒太多！
0,"超级无敌慢,等了整整三个小时"
0,"我只能说太傻逼了,外卖人员更是傻逼,自己不看地址还没完没了的叫唤,你是服务人员还是大爷,我去尼玛的"
0,一般，速度很慢，慢，慢，无法想象的慢
0,送餐速度不是一般的慢，而且店家的电话永远打不通，也没法确认送达的具体时间。不会在订了
0,送错了三个位置才送到，来的时候粥的盒子压破了，全撒在袋子里了，差评
0,不知怎的，店家地址没显示完整，快递哥把餐送错了，引起了误会，最终餐到了就行
0,十点多点的，快两点才到，这速度，也是醉了。以后吧不会再买。
0,十点订餐。。。十二点十五到。。。我终于知道你们为什么吃的很香的。。。都你妹饿的
0,酱有点多，速度挺快的
0,"以后再也不会定这家了！！！以后再也不会定这家了！！！以后再也不会定这家了！！！（重要的事情要说三遍）,9点半定的，送来1点了，期间商家电话一直占线。"
0,说了不吃辣。。。送来的还是辣的
0,客服态度恶劣，打电话催单我还不乐意呢！这速度简直了！
0,没有想象的多
0,送的还算快，但是肥肉太多，吃得有点恶心。皮蛋瘦肉粥一般般。总体一般般。
0,肉太多了，送餐速度有待提高！
0,实在没话说，九点预订送到12点40才送到，电话就没打通过，饼挺好吃，但也不能这样啊
0,还可以，就是量小点
0,送餐花了一个半小时……无语了
0,太慢了，饿到后来吃了点别的就不饿了。
0,送餐很准时，大概因为我选的时间是非高峰吧。卷饼好难吃，对于我这种大爱面食的人来说给出这个评价，大家对它的味道就可想而知了
0,店家和送餐的人特别不好，送错地址了还赖我写的不清楚
0,肉好肥，等了一个半小时都凉了，所以肥肉很腻。
0,送餐时间有点长
0,"送外卖的态度极差，电话,13241080757"
0,商家没有给赠送的饮料
0,"卷饼挺好吃的,就是送的太慢,快两个小时了"
0,送餐挺快，但是不好吃，菜很少，全靠饭撑着，宁可不要那个装B的牛皮纸袋，菜多一点
0,"送餐时间推迟了25分钟,太慢"
0,"有点慢,送来都凉了,而且也不太好吃"
0,垃圾到家了！！！什么送餐速度！到了都是凉的！
0,订的卷饼送的拌饭，味道还好
0,送的太早了也不好
0,香菇鸡肉的超级难吃，厨师一定打碎了盐罐子，咸的没法吃。十一点半订餐，一点多才送来。这速度也是醉了
0,真挺难吃的，肉挺多，味道不喜欢
0,味道一般吧~而且吃出一根头发！！
0,鱼香肉丝味道一般，南瓜粥太淡了
0,"吃起来不方便...,而且似乎有股异味..,闻起来。"
0,这样的送餐速度，饿死两遍了
0,11点下单，1点多才到，等两个多小时，本来想不要了，但是看送餐的人太可怜，勉强收下了。下次还等这么久绝对拒收！差评！！！
0,"等了好久好心塞,味道也不怎么样,卷饼不好吃,粥太淡了,卷饼里还有头发丝"
0,不会再吃了
0,口味一般吧，感觉饼不是很新鲜。吃不太习惯。
0,才发现立减6元没减到，难道人家送餐人员忘了？
0,"太慢了！预计12:15到达！晚了一个多小时,没有任何回复！差评！！！！"
0,没有收到货，该退款的吧
0,骑士送餐很快，饭菜太难吃
0,蒜香鸡翅太坑爹了。果仁菠菜巨难吃
0,送餐员态度恶劣，延迟送饭。导致披萨凉透，而且只提供一套餐具，不核对餐品是否齐全调头就走。
0,怎么没有王老吉，我还有一个王老吉
0,宫保鸡丁没有花生
0,"基本没羊肉,备注都不看的嘛,⋯⋯,全是香菜,⋯⋯,我过敏啊！"
0,感觉不是很好吃，有点亏，
0,基本不给低评价，这次是真怒了。早8点一过就下单晚到30分钟以上也就罢了，还联系不上，也不打电话说，孩子饿的不停叫唤。最后送来要的传统早餐套配错了，就一杯豆浆和咸菜。油条和豆腐脑不知所踪。也没让再补，因为已经10点了再送来就是中午饭了。真心不愉快。
0,送来的时候煎饼洗净湿的不行了。请注意包装
0,"客服电话完全打不通,两个小时才送来,早饭变午饭,没见过这么过分的,再也不会定了！"
0,配送太慢，很差！
0,"超时半个小时，还送错东西，并且还少了两杯豆浆，最后打了十几次客服电话竟然一直没人接,呵呵"
0,豆腐脑不给勺子。
0,周末八点半的早餐都送成午餐。以后不会再定黄太吉了
0,试过了大大小小的品种，煎饼品质比较统一，基本都好吃。凉面真的不好吃，抄手的汤太咸，因为外卖路上耽搁，整盒抄手已经全被酱汁泡成深色，非常咸。这两样品质配合15和18的价格让人感觉贵的不值得，严重不推荐。外卖路上会有颠簸可能会流出汤汁，但这次点的有点夸张，抄手的红油酱汁流得袋子里全是，纸巾全湿透，勺子和湿纸巾外包装上也都挂了辣油。如果有客人在外面用餐周围没有东西擦拭，一定会很影响用餐。建议配送环节再优化。
0,将近一个小时才送到，因为已经要离开原送货地点了，要打电话问店家电话也永远不接，反正吃到的时候已经都塌塌了，所以口味没有传说中那么好。可以理解太忙了所以很晚才送货出来。但是明显不是占线而是客服故意不接。这样有急事需要联系的话真的太不好了。
0,真的不适合外卖，另外，真难吃
0,水蒸气把面饼都给泡糟了
0,"到现在了还送不来,电话也没人接,我是在评论8月14日的订单"
0,套餐里有橙汁都没给，干毛呢
0,已经二小时了还未送到饿坏了。
0,"拜托三小时了,不要了"
0,确实不杂好吃呢
0,必须投诉！！订的早餐三个小时才送对了我要的才送去全！我早上9点订餐到现在快12点还没到！SB！这辈子再也不订你们家的餐！SB！大家都别在订他家色l
0,送餐晚了四十分钟，到的都吃完饭了，而且点的可乐也没有给我！什么玩意啊！！！
0,送餐太慢了等了2小时，12点40订的，快2点40才送来，真是无语，都下午了，什么也不想吃了
0,麻烦下次送餐能不能确认好再给？自己送错了反倒麻烦我楼上楼下来回跑好几趟，我点的多就应该送错是么？神马鬼理论，1分都不想给
0,凉面太硬，味道就是干辣，不好吃，素土豆饼里班的是酸辣土豆丝，吃不出土豆的味儿，像吃咸菜，不推荐，煎饼，南瓜粥，豆腐脑，薏米水都不错。
0,差评！！！！送餐晚到四十分钟，看在送餐员很辛苦的份上没说什么。你们居然拿我的投诉反馈当没看见！没在指定时间送达，我要求退款！！
0,早就听说过黄太吉煎饼，期待值挺高的，不过吃了之后脚的还没有路边煎饼摊加包辣条好吃呢；豆腐脑不咸，没味儿；
0,"少送了一个双菇烩，到现在都没人理！简直服了。,今天终于给补上了。。。不容易"
0,豆腐脑给我换成了水果，没有提前通知，
0,送的太慢了。。再晚来一会我都准备退单了。。。慢的无与伦比啊
0,名气大，味道真心一般。薄脆偏油，煎饼还不错。拉面煎饼是创新，另类了，不符合我的口味。土豆丝肉丝卷，我只能说，简直就是灾难啦！
0,电话也不打一个！！！私自就把豆腐脑换成炸蘑菇了！！太气人了！！！！送餐非常慢。
0,凉面一般额。。。。。。其他还行
0,"备注都说了不吃猪肉，包菜卷粉丝里面有肉末为什么不说呢？浪费了,根本吃不了"
0,写着45分钟送达，结果足足等了90分钟，凉的透透的，没法吃扔掉了，永远不会再点。
0,点了酸辣粉，送到家已经都粘在一起没有一点水份了！
0,楼上都懒得送直接给我取消订单也没解释也是醉了，下次不会再定了
0,黄太极骗子，根本没送还确认，垃圾，大家别点。和百度外卖勾结欺骗消费者，这诈骗行为，我要打315投诉！！！
0,等了九十分钟才送到，而且实物都洒了，味道还行，就是凉了。
0,没看见免葱蒜吗，都放了
0,外卖员不进园区
0,历时一小时，送到时菜都凉了
0,"等的时间长就不说了,还忘了给拿米饭和餐具,等又把主食送到,菜几乎已经不能吃了"
0,能把人辣死，这是眉州东坡吗！
0,不好，不是百度配送，非常慢！等你们是百度配送再说吧！告诉身边经常用百度外卖的人了，你家非常非常非常慢！！！
0,口味比之前差多了！换厨师了吗？
0,跟在酒店吃的完全不是一个味道，真怀疑是不是小饭店做的，以后不会再偷懒点外卖了。
0,外卖也太差了吧，这是剩饭吧？去你们实体店里，你们要是给我上这种米饭我直接能不吃了！好歹也是连锁店，就差那么一点钱是吗？就省这么点米，你还能发财！！！搞得我胃口全无！！！超级难吃！！！建议大家不要买他们家，剩米饭，我也是醉了！
0,大冬天豆沙粥居然是凉的，菜单上还没个标注！太让人无语！
0,量小而精，口味尚可。
0,根本吃不饱，还贵
0,排骨汤就一块排骨
0,没有以前好吃了，肉都坨在一起，不香，口感也不好。
0,送外卖的脑残，说好了南门，送到东门，害我等半天等不到人，打电话让他送回东门，居然说找不到，路都分不清你还送啥外卖，更何况你是人，不会问吗？难道你是猪吗？
0,送餐时间，1个小时20分钟！！！！！！电话催单，直接挂客户电话！！！！什么破服务态度！！~！~~！~~~差评！~！！~~~~
0,饭送到了好凉…
0,跟一般的卤肉饭差别还蛮大的～一般
0,还可以！！
0,东西是没有问题，就是不够斤两。
0,外卖员没有送上楼，要求客户下楼取餐
0,豆浆都是凉的
0,"菜量少,炒猫耳朵有味了"
0,下午五点五十五订餐成功，七点半之后才吃上饭，酸奶连影子都没看到，味道也就那么回事，蒜蓉粉丝娃娃菜油特别大，烧二冬都是淀粉，糊嘴都，以后绝对不定这一家了
0,真难吃死了。特别是麻婆豆腐，还能再烂吗
0,"送餐的一个多小时才来,太慢了"
0,特地备注不要葱姜蒜香菜，有忌口！请问是看不懂我写的什么还是压根不会看备注？还没打开盖子就一大股子香菜味儿！
0,一般，有点咸
0,"10点多订的,送了2个小时"
0,吃饭时候都已经饿死了！！！
0,"披萨凉了,3个小时才送来,饿的我还得出去吃饭"
0,"跟同事一块订的..她那里！！居然！！！！有钢丝球！我这里居然有黑的糊嘎巴。。。凑合吃了几口那什么银耳梨那汤里也黑了吧唧的不知道怎么回事没喝,送的倒是真快可是,食品卫生质量真的改善改善了,希望得到解决,不过啊"
0,鸡肉是生的菜都炒不熟，还干开饭馆，太奇葩了，太恶心
0,太慢了。送了一个多小时，而且点的是银耳汤，结果送来是雪碧…
0,送餐速度不是一般的慢啊。。。
0,"披萨完全是凉的！！！！,怎么回事啊啊啊啊啊,提前订就是这结果么"
0,"味道一般,这就是面饼吧,送餐超级超级慢,饿死我了,定的12点送到结果12点40才到……醉了"
0,预定是12:30送到，将近一点才送到也就算了吧，外送员的态度还很差，闺蜜脾气不好差点跟他吵了起来。外送差也就算了吧，点的是海鲜焗饭却送来了海鲜面，我也是醉了，大厨是不识字还是怎么的，弄错不是一次两次了。去年还没有这么差劲的服务，彻底失望了
0,感觉一般。说送美汁源果汁也没有送。
0,不能送进校门呵呵。。。
0,十一点多订的，等了半个小时打电话那边才确认订单，葱香牛肉焗饭偏咸
0,披萨味道一般，薯饼还挺喜欢吃的。
0,真心也忒慢了，其他都还成
0,第一天迟到了20分钟第二天迟到了40分钟
0,送餐太慢，定的12点15，结果12点40才送到。
0,味道很一般
0,这个饭不好吃，饮料真的太不好喝了，蛋挞是凑单的，尚可
0,送得好慢。。。卤蛋感觉就是超市买的那种。。。
0,第二次定了~~不错咯
0,"鸡翅根,全都没熟！恶心死我了！里面还带血丝！服了"
0,真的不好吃…大家都是怎样的要求给了介么高的评价。吃的很抑郁
0,蛋糕好难吃咖啡，咖啡还是卡布好吧
0,本来点够了60应该减30，因为点了一个特价的鸡腿饭，结过就减了鸡腿饭的5块。我知道提交订单的时候有提示，点了特价饭就没有满60减30的活动了，没看见是我眼瞎。可是你们这么跟消费者抖机灵真的合适吗？以前只要订外卖我肯定选和合谷，可是这次吃完后真的感觉恶心了。祝你们生意越做越好，越做越精明。
0,配送慢，还要下楼去拿
0,太慢了！没见过这么慢的，11点之前就下单了，足足等了2个小时才送来，饭都凉了！
0,送错地方，送餐员态度还极其恶劣，总之东西没吃到，真垃圾
0,"送了一小时.......,大拌菜里的蔬菜,有点焉"
0,有点慢，番茄酱没给我带
0,味道一般，量有点少！
0,差评！一点菜没有，咖喱猪排饭一点咖喱也没有，只有两块土豆。送餐时间一个小时！催了三次！评价这个界面的送餐时间也是虚假的，根本不是真正送到的时间！
0,忘装海带丝，投诉！
0,从来不给人家差评不是撒麻酱就是要俩给一个。今天麻酱都给撒了
0,"差评,不好吃,袋子弄的全是麻酱"
0,明明要的中辣，结果一点辣都没有
0,全他妈辣椒，真坑，大家不要定
0,"凤梨太生，不甜。,蜜桔，一点都不甜。"
0,"油太腻,米线太多,外带的一样没少"
0,味道很好只是米线太硬就像没煮熟似的！！！！！！
0,商品一般吧
0,菜的质量太差了，像是剩菜！
0,"菜里竟然有不知道是锅,还是,盘子的碎片,太过分了！！！！"
0,少发一份青笋，外卖量比较少
0,"太屎了这小炒肉,淡的要死,全是肥肉"
0,今天没放勾芡还不错！但是份量感觉一天比一天少啊
0,送餐太慢了，生煎包和皮蛋粥都好难吃，以后还是选择别的吧
0,菜还不错，米饭有股烟味、糊味
0,收了我2块钱餐盒费然后，不给我拿餐盒和筷子，什么饭店呀？
0,送餐很快，我们定的饺子，饺子馅非常不新鲜，肉有味道，饺子就跟没煮熟似的，饺子皮吃起来粘牙黏糊糊的，很差的一次外卖
0,油太多了。服务态度好。
0,挺好吃，送餐快。
0,等了两个小时，差点饿死
0,咋的跟饿了吗不一样的名，坑爹
0,"吃到了不说,饺子拿上来就是冰的！！！完全冰冰凉！"
0,炒合菜就是炒豆皮韭菜加豆芽，没粉丝什么事儿啊
0,"就住对面实在累了叫了个外卖,67分钟送到,饿过劲了,爬着去爬着回也不要一个小时"
0,配送太慢了！没拿到餐就在楼下确认订单了
0,非常不好吃，韭菜的不熟，西葫芦的也怪坏的，而且基本看不到鸡蛋
0,送餐不送筷子也是醉了让人怎么吃啊!!!!!有负分吗？
0,味道还可以，就是里面有砂子
0,盒子好像倒了，饭撒了……
0,"再也不点了,大拌菜都不新鲜了"
0,送了一个半小时没送到，最终送到了还没带筷子，催外卖门店不给回电话。这种店应该倒闭。
0,"送餐太差,找不到地方电话骚扰,一个多小时才送到,口袋里面菜汤还撒的哪都是"
0,巨难吃，鸡丁没几块都在油里泡着，油太大啦！酸辣土豆丝，请问醋在哪里？辣在哪里？不酸也不辣！这两个菜一起点，已经是我多年的习惯，在n家餐馆吃过，只有这家是最差的！
0,速度很快，味道还不错
0,饭送来是凉的，而且还送错了菜，商家说退的钱至今也未送来，我不乎这点钱，态度简直让人接受不了，再也不要吃了
0,我要的精选米饭，你给我送过来一个空盒？？？你TM在逗我吗？？？？？差差评！！
0,全撒了，撒了一身，让快递更换，也不管，要求退了，也不能退，非让我联系客服，投诉投诉。有照片
0,太尼玛难吃了，垃圾垃圾
0,点烤鸭居然没有鸭饼和甜面酱，而且也没说明。真是醉了
0,菜还不错，米饭有点馊了。。。。
0,外送人员好评，芥蓝差评，太老啦
0,送达个屁啊！我这还没吃上呢，系统就显示已送达！！！我只能说这个软件是神马玩意啊！！！！
0,"少给一碗饭、,送来救没有！牛肉面没有汤。全部洒了！,这家店、这个配送。都很恶心"
0,"速度真的慢的不能再慢！足足等了1个半小时,有待改进！！"
0,送餐很快的，味道也好，就是麻辣香锅里花椒多到和菜纠结的抖不下来，真没法吃。米饭很大一盒。
0,鸡丁有异味，
0,送错咖啡了，注明豆奶拿铁没有送
0,骑士接到餐后，先后跑了七八个地儿，1小时后才送到我这里，希望这位骑士再也不要接我的单。咖啡凉了也撒了，真差
0,"1，快2个小时才送到,也没有超时赔付,2，没按备注制作咖啡,3，冬天能不能增加点保温措施,热饮变冷饮了"
0,上午下单，下午才送！怎么索赔
0,11点40下的单，14点送到，咖啡全凉，百度外卖用了那么多次，最差的一次体验，再这样，不用了
0,星巴克永远洒半杯，下次收半价行嘛？
0,咖啡送到的时候每个都只有半杯。。。
0,本来挺好的星冰乐，都化了，52送到的，送餐员都说超过了半小时，百度外卖系统显示50送到的，神马玩意啊。
0,速度挺快的~就是有点撒了，点的抹茶拿铁太甜了……味道一般
0,打死卖糖的了。写了备注，有用吗？
0,没有拿吸管，有东西没了也不提前通知
0,送来的很晚，都化了！
0,送错了，要的热的，送的是凉的，还忘了带吸管…
0,送货时间长，而且洒了不少。
0,咖啡没了水果杯脏了……近三点才送来………电话没能打通送前台也行啊……反正我都在线支付过了…………
0,本来怀着期待的心情想体验下，结果收到的咖啡洒了好多，备注着加奶和糖压根没有，哎！真心失望啊！
0,时间太长，而且咖啡洒了一半
0,有一杯没有奶盖…服了
0,超级难吃，最差的外卖
0,强烈投诉！！！！！！！鸡肉都是碎头！！都是！！！！！！！！和第一次定完全不一样！点大份送来的却是一盘散沙！！明显比第一次给的少太多！！！就连米饭都不满，店家你至于吗？！？更可气青笋不到10片还都切的跟芹菜似的～回头客就是被坑！慎重吧！！！！！我是不会再点啦！！！！！坑人啊！！！！！！！
0,外卖漏了加多宝，等了将近3个小时才补送过来，当时已经很晚了，就要求拿回去退掉。结果第二天发现订单已经结束了，也没有退钱。
0,晚了半个小时，饭都凉了
0,10:40下的訂單，12:06才送到，配送速度超級慢。
0,没有发票，都备注了还是忘
0,等了两小时，送到后，关东煮汤都撒没了
0,饭很难闻，有种发霉馊掉的味道。拌菜不错料包太小
0,等了一个小时40分钟
0,太慢了，差评
0,送餐速度太慢，下次不会再买了！
0,没在我要求的时间送到，到家吃的时候都凉了。这已经是第二次了。
0,"在店里吃豌杂面很好吃,但是这次点了小面难吃极了,是忘记加盐了么,全是水,回锅肉全是配菜就算了,仅有的几片肉还多数是全肥的。。。"
0,小炒肉好失败，都是汤水，粉蒸排骨还凑合
0,包饺子太慢，让我等了一小时
0,竟然悄悄涨价，素三鲜味道一般，备注了也没给醋和辣椒
0,"都歪七扭八的,还都软的变形了,只能说很差,看来大家的评价是对的"
0,"11:23定的餐,1:27打电话告诉我还需要等20分钟,愤怒之下退餐,居然完成了？？？骗了我45块钱,这么垃圾的店,打电话解决,找不到百度,跟他说他说他处理,到现在都没给我退钱,ca,招我我就上你店里要去⋯⋯"
0,态度不好，反应也迟钝。
0,两次都超时，饭菜都凉了
0,疙瘩汤比学校食堂都差，没这么糊弄的！扁豆面，基本都扔了
0,价贵，量少，味道一般，以后不会再来了！
0,配送超级慢，快饿死了！！！
0,厥根粉太难吃了，太硬，不是一般难吃
0,8点定的单子，店长11点才联系，也是醉了
0,等了一个小时，超过预期时间，我出门办事都出去不去，谢谢啊，你们好快
0,最，最，最差劲的一次订餐
0,太差了，下次肯定不定
0,"整整一个小时,送餐状态没有更新,结束后显示12:06送达,实际上12:30才到"
0,我和同事同一时间订的外卖，她都吃饱了，我的还没到，头一次吃饭这么晚!!!
0,一个半小时送到，评价的时候显示的时间比实际送达时间提前了50分钟！糊弄事儿呢？
0,菜也太差了，不想说，看着都没有食欲
0,等待一个半小时不说，土豆还是生的，此次订餐真是很失望。
0,等了一个小时才到。
0,每次都送到家，这次让去楼下取，说是腿摔了，老公也没好意思，下去取的，不满意！头一次对百度送外卖不满意！！要是这样还不如去店里吃，还外卖做什么？！
0,炒米饭那叫一个粘，而且闷的没法吃！
0,咖啡都不封口了么？！洒的……
0,点的大杯，打开一看就一半，连小杯的量都算不上
0,"洒了一半儿了得,袋子都浸透了,问为什么,还特有理说全都洒这么多"
0,"首先送的晚,然后我要的脱脂奶不加冰,做的又加奶又加冰！！！！"
0,给三星是因为送餐很快，但是美式都已经洒了很多，杯子外面都是咖啡
0,每次都不看备注吗？说了去冰！还带冰！
0,送餐晚到半小时不说，还给弄翻一道菜，菜汤弄的哪都是，真是无语了。
0,不知道是商家不做还是快递员不送，2个小时才送到，餐到已经彻底凉透，很是无语
0,"米饭三元一份,着量着实..."
0,米饭少的可怜，都要轮粒儿吃了
0,疙瘩汤放鸡精太多了
0,米饭喂猫呢？太少了，半盒都不到还三块，坑！
0,口味一般，焦溜丸子不好吃
0,熘肝尖儿没有味道…很难吃。菜花备注说少辣、结果辣的要死。
0,山药是酸的，没法吃
0,速度可以，就是汤都洒完了
0,给我配错了，中午的饭，等到晚上才给我解决，中间打了4次电话投诉都无效，差
0,没勺没筷子怎么吃
0,少一根烤肠
0,时间有点长送餐，菜还可以，饭量少而且有点儿硬
0,我也是佩服的，米饭就一点点，价格还比别家贵，真是够了
0,几乎没有牛肉，全是蒜苔
0,"可以给0分么,送了1个半小时,忽悠人呢,不能定了,时间没准"
0,分量足！但备注了三种荤菜：鱼豆腐、牛肉贡丸和香菇贡丸。送来却只有鱼豆腐。。。
0,有一个大虫子！！！！！恶心死了！！！！！
0,披萨送到后变成煎饼果子了，包装根本不适合送餐！！！
0,味道很一般，不知道哪里怪怪的
0,"送餐大哥很给力,下着雨送来的赞哦,不过菜味道一般,米饭少的可怜"
0,微辣还是比较辣的，味道不错，我定了一份鸡柳，说是上午没烧烤再换一份鸡柳，可只送来了一份，七块钱的事，卖家太马虎，需改进
0,味道好，送的也不慢，就是包装不严实，一个纸袋子也不封口
0,凉透了，汉堡王出餐太慢
0,差评啥他妈玩意好好的薯条给我弄成馅饼了，恶心死我了！为了多接点单子，让我等了71分钟，薯条都吃不了了，我点了四份打薯条全完了
0,这次外卖很失望，先是外卖小伙手攥吸管将快餐递给我，后是打开快餐看到纸团一样的餐巾纸和漏的到处都是的饮料，最后看的我压到没样的汉堡，而且餐基本完全凉透啦，只能凑和着。。。
0,"今天少送了一份鸡柳-_-||,每次都会少东西T_T,食物有些凉了,配送人员服务非常不错"
0,超时！但是态度挺好。说是第一天上班，勉强给个三星。
0,沙拉连酱都没有？！干嚼生菜叶子么
0,"我要的霸王鸡条,可给我拿的是炫辣退保"
0,慢到差一分钟就半价了，全凉了
0,"百度好评,汉堡王差评,点的套餐里竟然不给薯条"
0,汉堡非常小，鸡块超难吃，有股药味儿!
0,订的餐少送一汉堡，到现在都没有解决
0,送的倒是挺快的，只是汉堡做那么小好意思吗？
0,突然就不送了。没信用
0,支付方式太差
0,汉堡王的东西真的不好吃。。。为送餐大哥点赞
0,在于我们朝着目标的重要指示的方向
0,"可能是由于中午点餐人多,等了1小时20分钟（11:38下单,外卖12:57才到）才送到,送到时,汉堡全部都凉了,已经用百度外卖好几次了,这次最心塞"
0,饮料没拿吸管，还洒了，薯条和洋葱圈也没拿番茄酱，很不开心！！
0,宫保鸡丁一般般
0,花蛤和嗦螺里面有沙，没弄干净，味道也怪怪的，不知道食材是不是新鲜的
0,菜品太难吃，不过送餐人员棒棒哒！
0,"差,还有别的字可以形容吗"
0,12点50订的餐，14点50送到。披萨凉的透透的，怎么吃啊？
0,订单备注写的很清楚四点半点送餐，三点商家就把面做出来了，面都坨了，感谢百度外卖师傅！
0,现在必胜客太不细心了。定的饭又不是面给个叉子。希望下次不会再有这种错误。
0,送的挺快的
0,肉还没在微波炉里打热就送来了，还粘在一起呢。东西也确实不好吃…
0,"20套餐,盐酥鸡,变成淀粉炸,蟹段,，没什么提前说一声,没吃饱"
0,不会再考虑了，很一般
0,感觉菜的分量少，没吃饱
0,填写了发票信息却没有开发票。负责配送调度的工作人员也不专业，都不清楚是否需要发票抬头。好的是发货快，饭菜性价比还可以
0,最糟糕的一次接餐，都已经很晚了才送到，而且这是我到目前为止见的态度最差的一个送餐员，不给送到11层也就罢了，竟然吼顾客～
0,要的发票呢？
0,要的红烧肉，送来却是鸡排，早不说，等送到了再告诉你！这是赤裸裸的欺骗啊！
0,"1.居然米饭夹生的，丽华也出这种问题？,2.要开发票，结果没有。"
0,送货员送错了一份餐，也没有给发票
0,"我真的真的希望你们能把肥肉和海带这个菜去掉,一口都吃不下去"
0,太慢，时间不准确
0,你们家的菜越来越少
0,今天的商务套餐太差了！全是大肥肉！
0,"送餐磨蹭,菜花腥臭,扔了"
0,为什么每次都要迟到！！！！！！用丽华贵宾卡可不是这样的！！！
0,还行吧，划算
0,"送餐快,饭也挺好吃的,就是饭和菜量比较少,能再多点就完美了"
0,海带和芹菜那个配菜，太难吃了，丽华88了，不吃了。坑爹。
0,谢谢，服务非常好，继续支持
0,涨价拉、就不想吃拉
0,米饭少了啊，备注中要求加米饭，一点反馈都没有
0,20的套餐，4个菜，还行吧。
0,备注和发票那里都写明了要发票，每次那送餐员来的时候总是说没看到要发票，让回去研究研究，你说一次让研究也就算了，次次都说，研究你妹啊，差评！
0,"大肥肉,差评"
0,味道很差，鸡排就跟生的似的
0,今天的菜不好吃。
0,真心难吃，米饭又少，吃过最失败的一次快餐
0,不是商务套餐，是儿童套餐，都不够我儿子吃的
0,"送餐很及时，但是我在网站上提交了发票信息，需要开发票，餐厅却没有给开具。不知道这是是百度的bug,还是餐厅的问题。"
0,建议给备注写多加米饭的多给米饭。
0,看了菜单没有芹菜的，连续两次都有芹菜，坑死我了
0,"大品牌,名过其实"
0,很好，就是不喜欢炒生菜
0,真难吃！来了粥全抠了！也不带餐巾纸！咸菜牙碜！粥枣核个牙！
0,"粥有一股蒜味,至于送餐的百度外卖，你们真的太差劲了。"
0,锅贴里葱太多了
0,焗饭外送太失败了
0,少一份南瓜粥
0,很好吃，送餐小哥也很敬业，配菜能再细心点吗？
0,快递大哥还是很好的，速度挺快的，至于米线嘛，提起来都是眼泪，不仅份量少，一点也不好吃，还不如煮点方便面呢
0,我只想说，没见过这种送餐的，菜品质量太差，量特别少，太差
0,"速度太慢了,又没小票又没发票的"
0,我了个神啊，全百度外卖都找不到像你家这么坑爹的量了吧，33块钱的套餐里面的肉少的可怜(没吉野家小份牛肉饭多)，生菜也没给够，小伙伴们千万不要点这家，坑爹死了
0,滑鸡你妹啊，骨头比肉都多，还以为自己在吃牛蛙呢，你丫见过真正的北菇滑鸡饭吗
0,很差，为什么给很差，因为同是一家饭店，为什么清河店比你们做的干净，卫生，好吃。以后再不从你们这买了
0,"配送人员很有素质,就是菜品太一般,宫爆鸡丁儿太甜了"
0,锅包肉量特别少，还放两个餐盒。一个都装不满。手撕大拌菜都没放盐吧，一点咸味都没有，小西红柿都坏啦。
0,有史以来吃过最难吃的菜，没有之一
0,质量不好，量挺多，味道一般
0,菜品送错了
0,"总体下来很不满意的一次订餐,菜都没熟"
0,差评，再也不订你们家的了，店员态度也不好，菜也一般。
0,饭菜本身味道不错，只是服务中的发票太欠缺，昨天订的235的饭只开了205的发票，今天订的99的饭只开了93。下次订餐我会备注补上差额的发票，请及时响应！
0,要了一杯酸梅汤，来了撒了半杯在袋里
0,送餐那么慢，为什么每种食物味道都怪怪的，冰豆浆是馊的吗？难喝极了
0,"估计快过节了送餐人员想偷懒，取消了我8,9次订单，也不打电话发短信说明原因，哪天真得跟半亩园的管理层说说了，员工白拿工资不干活"
0,速度很快，就是蔬菜沙拉没有酱，也没有筷子和勺
0,大酱汤什么玩意啊，特别少不说，里面都没有东西，一共就三块豆腐，千万别点了
0,"相比其他家东西少,价格贵,味道一般"
0,点餐了，钱收了没给东西，真够垃圾的，再也不在你们家订餐了
0,饭是冷的辣白菜汤撒的到处都是。发票已经污损。
0,在牛肉饭里吃出钢丝球啦
0,太咸了估计是饭少
0,"第一次叫正一味外卖！太失望了！跟店里完全不一样！那告诉我为什么咖喱酸臭酸臭的吗,这怎么吃你告诉我"
0,就是不能饭点订
0,等了一个半小时，我觉得我脾气还算好的吧？都没有骂街，只催了一次单，是不是因为我已经付款了？
0,饭都拌好了，而且饭因为板好的原因辣酱又咸又辣！闲的你们拌好了送！用的着你们给拌好了么！多此一举！
0,太他妈难吃了，凉的！
0,"查不到订单的送餐,慢了大约一个小时,呵呵再呵呵"
0,太难吃了！头一次吃这么难吃的炸鸡，以后不会再买了
0,配送服务太差！
0,这是最近最不愉快的一次订餐，这家餐厅我们前后订过不下10次，俩月内，以前平均40分钟到一小时送到，可是今天用了将近三小时，百度外卖怎么管理的送餐，是接单谁抢到算谁的吗？不管什么时候送到，之前就发生过，明明十一点送到的，可是下面的送到时间填写的是十点半，这一单，下面的送达时间是12点16，实际是下午两点才送到，我们点的是孩子的中午饭呀，11点20点的，结果中午没吃上饭，非常耽误事。生气了。
0,真没劲一次比一次少、餐厅怎么整的、难道是我给的钱少吗？
0,送外卖的人真的太太太慢了，饭店都做好半个小时了，才去取餐，送到后，饺子都已经凉了，而且都粘住了根本没法吃啊！
0,没有见过这么差的服务！！很气愤！
0,订了一份牛肉水饺，不知道是送错了，还是什么原因，一点牛肉味都没有，跟猪肉大葱一样味，26元，少，没牛肉味
0,千万别吃这个菜，真不值这个钱，血和泪的教训
0,60分钟才到，饿懵了饺子送错了还
0,这次送餐慢了好多，建议加强
0,米饭给的太少了
0,数量太小。都没吃饱
0,口味不错、速度也够快，就是量少了点。
0,十点多就点菜也然并卵，十二点多才送到。好久没吃了印象中很软烂进味的手撕鸡干硬而且味道一般，因为时间久了还有点凉。可能是顾客多了不管是菜品质量还是送餐速度都下降了很多，残念，可能很久都不会再想吃了。
0,装粥的盒子质量太差，直接裂开，导致全部洒在了袋子里，没法吃了
0,"每次酸奶都不给我带吸管,心好累"
0,送来的黄焖鸡..我一打开..只有两种可能..是剩的或者可能被谁吃过了...如果大家想感受一下就定..嗯
0,希望米饭给一满盒。一满盒。一满盒
0,等了整整153分钟!期间30个电话都死活不接，各种撒谎!我们四个同事一起订的，坑死了好吗？百度外卖客服也打不通!坑爹!再订你家我是你孙子好吗？
0,"巨难吃！重要的事情说三遍！巨难吃！巨难吃！,又慢慢慢慢！！！如果听我的你就不要订哟,如果我说的是假话,那就咒我我以后吃的所有外卖都像他们家一样难吃。（非常正经地说）"
0,"太他妈差了,饭菜里有牙！！！！太恶心了！"
0,吃过最差的外卖，没有之一，就是最差
0,首先送餐速度奇慢~~催了2次，再次送餐人员态度差~还有菜的质量不太好~
0,没送米饭和发票，来得还慢。
0,送餐速度极慢！不建议外卖点这家
0,送餐时间太慢，送餐人员想让消费者从19层楼下一楼自取，服务态度欠缺
0,时间太慢了
0,今天的米饭坏了，都有味了，老顾客了，希望下次注意吧！菜做的还是不错的！
0,11.30定餐，1.00送到，中有打了4次电话催，生气。。。永不再来。
0,味道还不错
0,花蛤里全是沙子
0,本来是想省时间的，结果定个外卖花了我两个小时，以后绝对不会再选择这家了，口味一般，送餐还这么慢，还想不想做生意了
0,等了一个半小时，羊肉串超小，最气的是塑料袋软化和木签粘一起了，一看就是着急弄的，白白的，没味！
0,定了一份酸梅汤，送到的时候洒了一袋，酸梅汤杯口开了一个口子，这也太粗心了！
0,点的馒头片没有送…希望下次能补上…
0,送餐晚不说，打电话没回复，一点沟通都没有，差差差，绝不会再定
0,2小时啊，可怕极了
0,少送了份米饭
0,每次肯定晚至少一个小时，下单了最后没送到，真是醉了，饭也给的死少。不建议大家订餐，如果非要吃，最后提前一天订，第二天再吃
0,"第一次送餐漏送一份,第二次送餐,漏送饮料,送餐时间超级慢"
0,我能说可以退餐吗？这个是饭吗？谁吃谁上当啊！？！质量太差了！！
0,我定的是酸萝卜鸡胗饭，请问老板，我的酸萝卜在哪里，一块都没有看到，米饭特别干
0,明明还没做，骗我说送出来了
0,饺子是生的，青椒是生的
0,韭菜的很好吃，其他的一般
0,腊八蒜呢？没有
0,"等了将近三个小时,饺子已经凉透了"
0,"还可以,过小年就要吃饺子"
0,饺子味道还可以，就是送餐时间太长了，2个多小时才送到，而且餐具还没有，服务需要整体提升。
0,"送药小哥态度很差,很不耐烦,怀疑是老板送的货,你们能别让老板干这活么？？"
0,一点也不好吃，而且还小
0,"我点的尖椒土豆丝给做成醋溜土豆丝了,酸死了,麻婆豆腐还可以,这次百度骑士导航坏了,送餐比较慢"
0,整体油腻，砂锅豆腐居然也放那么多油，吃完比饿着还难受
0,小份的汤六块，大份的汤十二块，我没看出大份来，别家一份十块，用两个盒子装，你家大份用一个盒子装！
0,菜品都不错，就是配送员就跟一……似得，一个多小时才送来一看就是个新手！特别恼怒，比上次那个配送员慢了接近一小时！我就不说别的了！
0,汤洒了一塑料袋。。。回锅肉味道一般
0,我定的是素三鲜的，打电话让我换，换的是香菇的，本来六个，但是只送了三个。为什么？
0,茄子太甜，油太多，牛肉还可以
0,菜好吃，所以一直订购，但今天的米饭生硬没熟量还少，菜量也少，有点失望！
0,没有蜡烛！没有刀！没有帽子！！差评！
0,味道还行吧，榴莲少了点、人造奶油太多了。
0,不错送的很快
0,按我要求的时间送到了，但不是新做的，是冷藏过的，有点失望。
0,太难吃了，吃得真搓火，感觉像山寨版的正一味，很难吃，很难吃，非常难吃。
0,量太少，大酱汤套餐真心不值！一份汤，一碗米饭，一盘咸菜竟然那么贵，没尝出好吃来，一般吧
0,垃圾别吃吃了就后悔难吃
0,送餐挺快的。就是太难吃了……米饭特别多…几乎没有菜……
0,丸子汤非常非常小一碗，炒米条也非常非常少，量也太打折扣了
0,连续吃几次就不好吃了，不耐吃
0,都拌好了，量少，配菜少，基本就是米饭和酱，酱多了，辣
0,速度快，五花肉都是肥肉，米条就几根…
0,很失望，不好吃。
0,可能天热放坏了，吃完晚上拉肚子了。卖相也没有店里的好。
0,大酱汤，太难吃，和店里不一样！特稀！菜少！清汤淡水的！
0,"晕了,鸡肉丸10快就那样不满意,吃亏了,拌饭盒子太小"
0,"特别油不好吃,基本没有牛肉,有几条肉丝,不超过3"
0,吃过两次，两次居然都拉！肚！子！连拉带吐！要不是没时间和他们计较，早就去卫生部门投诉去了！太特么坑爹了！
0,饭好难吃啊
0,没有汉拿山好吃
0,微波炉又热了一遍…
0,送餐速度快
0,味道还行，就是送的太慢了，催了3次一个多小时才送来，送来的时候饭都凉透了
0,一个多小时送到！打开之后发现饭都是凉的！！！差到家了！
0,超级差，都快两个小时了没送来，我定的是晚餐吗？？电话也打不通，定他家的饭能等出胃病来！已经打客服差评了！
0,速度快，吃的时候没感觉，当天凌晨4点上吐下泻！请问你们是放啥药了？
0,真心太慢了，11点订饭，快1点送来~饭全凉透了。
0,"实际上用了1个半小时才送了，店里的电话一直打不通，百度的电话打通了没人接，最后直接要求评价，直接不满意！！,送来的饭菜都凉了根本就没法吃！这是最最最最最不满意的一次订餐,没法形容内心的愤怒，质量也不好。要是没钱就别参加外卖好么！！,最最差评给你们家了"
0,"饭菜提前1个小时就送来了，而且都凉了，果断取消订单,挂断放弃，再也不会订了，连热饭菜都吃不上"
0,与堂食的区别好大，辣酱都已经扮进饭里了，很是无语。辣酱包都没有，还要给钱。
0,拌饭外卖实在不好吃
0,预计到达时间17分钟后联系的我，我已出去办事，没有吃到。
0,妈的！！老娘等了123分钟！两个小时！！爬都能爬来了！！再也不会点！！死难吃！！
0,"饭菜都凉了,而且给的特别少还不好吃"
0,小哥挺逗，说百度开了外卖他们就特忙。
0,面类食物还是不要外送的好，面都粘成一块了，根本没法吃了
0,"自己吃了看吧,谁吃谁知道,跟店里吃算两个级别"
0,11:30定的，13:20送到，送饭小哥是新人，可以理解，但装饭的没装勺也没装纸巾不知道几个意思……总之饿过劲儿了……
0,好难吃，比在店里差远了，坨成一团的米饭。。。
0,饭菜没的说，好吃，但是第一个给我送外卖的那个女的实在让我生气！找不到地方我理解，但是莫名其妙的挂我两回电话我就不能理解了！态度差！
0,送的这是啥啊，饭是夹生的，汤是温的，太能糊弄人了，这是第一次也是最后一次，这要是在店里，肯定要他给我换啊，这送餐还不是饭点呢。无语的狠啊，擦
0,太慢，正一味订了好几次了就是慢。接不了这么多单，就暂停下啊，太耽误事儿了
0,菜品有点凉，味道还可以
0,咖喱鸡肉！确实鸡肉，只是凉的熟鸡肉放在咖喱里就算咖喱鸡肉么？并且鸡肉还是黑椒鸡肉！我从来不知道咖喱鸡肉是如此做法，难吃到极点！水了吧唧，没滋淡味，全部扔掉了！
0,蔬菜沙拉没送
0,您的意见很重要！口味如何？服务怎样？来点评一下吧！
0,送餐太晚了。。。比预计晚了半个小时！！！
0,太慢了，打电话催单手机还关机，两个小时才送来
0,这家店太让人感觉不舒服了，是我在三里屯点过外卖中唯一一家很烂很烂的店，打电话过去询问关于为什么随意更换我点的东西（3样），居然说菜单本来就是这样，只不过是网站上没改。全程连句抱歉都没说，什么素质！就是可怜配送员跑来跑去，还打电话说不好意思来晚了。所以只有百度配送让人感到暖心点。什么破店！
0,比在店里吃差好多
0,11:52订的，14:52送到的，差评已经不足以表达我的愤怒了，打电话过去，服务员更牛气，妈的，再也不吃了，透心凉了
0,很不满意，订的12点30送到，结果13点30才到，等了整整一个小时......石锅拌饭变成了冰锅拌饭！！！
0,鸡蛋羹没有，但是汤里有个煎蛋。水标签写着蓝莓汁但是送了一个mini雪碧。
0,"我点的金枪鱼和火腿,送来两个火腿啊啊啊,说好的金枪鱼哪？"
0,经常取消订单无法配送
0,"皮蛋排骨,送成皮蛋瘦肉"
0,虽然送餐很快，可是焖面吃了一口就吃出一只虫子，带翅膀的有蜻蜓那么大。。。
0,带扣的盒子撒了一袋子菜汤，还吃屁啊，跳摇滚送的吗？？？
0,鸭头全部都炒糊了，味道实在是一般。
0,"送餐总有问题,不理解"
0,点的酸辣粉和麻辣凉面。前者没之前的好吃，凉面过麻，客服打电话询问意见时说“因为是麻辣凉面啊”，也是醉了，显然没搞清楚还有个量的问题。偶尔吃一吃还行
0,实在不应该叫外卖的，送错地址后，再等他送过来，面都已经不能吃了。真后悔！！！外送员也不容易，算了。以后再也不定了。
0,"送餐到门口,在接递过程中餐掉到地上,里面汤从碗里洒了出来,结果送餐员告我没事,也不是留外面,餐费34给他100,应该找66,他找我61,把餐打开后,汤已经流到塑料外面,把餐巾纸都泡了,真是对服务特别无语,从始至终完全没感觉到抱歉"
0,一份炖肉卖20，小的亮瞎眼
0,我不赶时间，肠多烤一会就好了，吃着就像稍微加热一下撒了点料～面条量有点少哇，别家的盒大一些，没什么汤汁都塞的满当当的，这就才半盒，还好点了5个肠。。。
0,点了一份米线，单加了鹌鹑蛋、鸡纵菌、里脊肉、鸡肉片和云腿。除了两个鹌鹑蛋和一片云腿，其他单加的东西连影子都看不到，这么昧着良心挣钱真的好吗？真的不怕别人敲得后脊梁咚咚响吗？
0,配送小哥很好，饭实在是难吃，以前还挺喜欢的。怎么成这样了。直接又买了别家的饭了。说了不要韭菜还放，炒饭咸死，菠萝饭没有味道也是醉了。
0,取餐员取餐的时候是不需要核对数量的吗？我明明定了2份鸡枞菌、2份肥牛，收到的都只有1份。我还特意在备注里提醒核对加菜的数量了，毛用？
0,有点坑爹，点了三份牛肉只放了一份，点了2分鹌鹑蛋只放了一份，点了两份泡菜只放了一份，偷工减料！！！！
0,太过分了，没听说订餐还得要求一并送筷子的，没要求就没有。没筷子怎么吃啊，真服了，以后再也不定了，真过分！
0,没什么味儿特别淡没有番茄酱
0,东西不错，就是有点慢，老板服务态度还可以，送餐的就差点事儿了，还说我扣了他的东西，哎。。
0,超时25分钟，还有五分钟就半价。饭都不怎么热了，温温的。还有这家店，米饭能多给点么？总得吃饱吧？
0,"肉是糊的,吃多了致癌"
0,谢谢店家让我第一次认识到荞麦冷面也是可以做到这么难吃。不要说不会再点你家的冷面了，短期之内都不会碰冷面这玩意了。
0,菜都凉的，感觉没熟，量太少！
0,73分钟了，显示取餐时间是13点12分，从右安门到牛街需要73分钟吗，极差
0,竟然没有勺子，怎么喝汤？
0,五花肉泡菜饭里一片五花肉都没有，不知道是厨师忘了放了还是怎么着。太坑了！
0,饭和菜一共就半碗，一个鸡蛋也没熟，没肉，30，真差！恶心！
0,"在这单之前至少转了三个地方,赶在半价的最后一分钟才送到,还真是准时,再说点的石锅拌饭,就只剩拌饭了,根本没过石锅,建议还是去店里吃吧,很恶心的一次送餐"
0,拌饭味道确实需要改进
0,沙拉恶心死了都成泥了快递竟然还没有零钱
0,味道可以，量少。饭量大的不够吃
0,量实在太少。。。吃不饱
0,快递很好。穿心莲一半都是坏的！一半绿，一半是烂菜叶子的黄色，没法吃！再也不在这里定外卖了！伤心！
0,鸡都没有半只，太坑了！
0,送餐速度太慢，希望赶紧改良
0,一个多小时送到，面他妈都坨了，
0,"超时,太慢"
0,菜好淡，没有味。就肠还行
0,太慢了，人家等久饿死了
0,"炒面还好。回锅肉太肥,米饭太硬"
0,要求不放辣，土豆丝还是放了很多辣椒
0,不会在有下次了
0,面条就几根、即使小份也不会那么少吧、出餐还那么慢
0,点了很久才送来，而且点的炸酱面坨的不成样子……差评！
0,两个小时，餐还没到，速度太慢，差评。而且我还没收到餐，网上订单就显示完成了
0,我的发票呢？为什么没有啊
0,有塑料纸在饭里
0,"没按规定时间送。,送餐员的手超级脏。"
0,根本就没有送黄飞红花生啊，坑人的吧，广告打的那么大
0,久久鸭的口味偏颇，辣味不是很浓。总体而言还行。但是没有餐具，虽然我的单里说明要餐具了，这是一个遗憾！不过送餐速度很快！
0,很小份，有点贵
0,一个多小时才送到，踩点敲门。很无语！而且面汤也干了，也没味道。最差的一次外卖。
0,黑椒牛柳太咸，咖喱那个时间太久了，胡萝卜都有馊味了！
0,泡馍咸的发苦
0,用这么多次百度外卖这次最不满意！点的南瓜粥，洒的一塌糊涂，米粉汤干脆都没了，肉夹馍直接泡发了，凉皮盒子整个已经裂了，看这残样真没食欲了…看在大热天的都不容易的份上，算了…
0,今天送餐很慢，用时一小时10分钟，送过肉夹馍都凉了，好腥。希望下次会快点。
0,从取餐到送到花的时间太长，关键只有两公里的路，送到面都不能吃了。
0,肉夾馍不错，其它一般。
0,差评，送过来晚不说，扯面已经成浆糊了，面条一个小时前做好了没有人送黏了。建议后续商家做饭前和送外卖的提前商量好，再做。保证饭菜质量
0,简直太烂了，凉皮连调料都没给，让人怎么吃？
0,速度太慢！配送员态度不好！车子没电！请把工作提前做好！送餐距离只有1公里！84分钟！太“神速”了！还有不能在预计的时间内送到就不要写上！
0,品质越来越差了。除了秘制凉皮很好吃，其它都做的难吃，肉夹馍腻死，骨肉相连和鸡翅甜又凉的，米线淡的没放盐。渣
0,哥们，订好几次啦！越给越少，就一层底，店里面给的多，外卖为什么就量少？不公平，一样花钱...百度和店家沟通一下吧.太少了，塞牙缝....
0,等了一个多小时，菜量少，尤其是那份拍黄瓜，又少又难吃
0,"不好吃呢，配菜不新鲜，,失望呀"
0,送到之后面基本不能吃了
0,"烤翅没熟,排骨饭是剩的吧,看着就恶心,没吃,倒了"
0,鱼香肉丝不好吃
0,培根嚼不烂
0,西瓜汁都酸了，以后不会再买了
0,不新鲜！藕片放很久了难吃的不得了，不好！
0,菜有些凉了，干锅牛腩的洋葱太生了，菜量太少
0,"送的玉米发霉的！太恶心了！黄焖鸡量极小，味道一般，骨头多于肉。米饭量很大，然并卵。,要求十二点送过来，十一点半就到了，放到十二点吃已经凉了，差评！"
0,送餐太慢了，等了1个半小时；味道还行。
0,连续吃了两回了，味道不错，菜量小。不太够吃，最重要的问题是今天的干锅茶树菇里面的肉有几片没炒熟……下回请厨师大人一定要炒熟啊！
0,一共就五六块牛筋，其他都是菜，菜量也不多，这好意思好称30的套餐。。送餐员不认路，隔100米就要让我自己下楼去拿，这也叫外卖？
0,从来没有这么糟糕的订餐经历！中午12:29下的单，12:32收到确认的短信，至此一直到两个小时以后无人送餐无人搭理，无奈下致电商家，无人接听，致电百度外卖客服，告知会尽快联系商家给我回电，一分钟后商家用手机回过来以后，态度非常轻蔑，一句“这不是网络有问题嘛”就完事了，最后15:00送餐的到了，还不愿意送上楼，我下楼以后对方直接一指旁边桌子上的塑料袋嘴里就哼了一个字“那”，转身就走了！经过了这一次，我算是明白了，以后订餐绝对不先在网上付钱了，打死也不在这家店订餐，想在这订餐的朋友，如果你能忍住两个多小时肚子饿，那你就订吧！利于减肥！
0,太慢呀就是
0,口味还行，菜和米饭太少，送来的时候都是凉的
0,好咸好咸好咸，两份菜下肚估计吃掉了2量油1量盐，虽然盐是属于腊肉的但油是属于肥肉的。不过咸到这个程度我也是醉了。送餐大叔态度很好。
0,狗屎餐厅，送餐3个小时，还没咖啡，一杯咖啡送了3天，客服电话打了6个以上，餐厅电话一个没打通，老板什么态度，一杯咖啡就不给送了，住店家早些倒闭，谢谢。
0,今天送餐时间还不错。就是小炒肉没几片肉，尖椒辣得没法吃。以后再也不订这家外卖了！
0,总是很晚送到
0,没收到餐~~11:45分送，13:20还没送来，退了
0,品味一般，F服U务C差K！
0,"这个订单根本就没有送到,让我们等到1点多，信誉太差了，之前还一直在他家订饭。"
0,骑个自行车送饭，不好吃，下次不会再订了。
0,点了两份饭就给了一盒米饭，送餐小哥打电话根本不知道他在讲什么！
0,送错了，要的辣的，给我的渝香的
0,"你们送餐员什么态度,就那个年轻的胖子,草"
0,差评，退款太慢！我说的是百度！
0,凉面醋放得太多了，酸掉牙。厨师的水平真的是够了
0,收了配菜费，却要我去自己去取，真是醉了
0,吃了这顿饭，拉了一晚上
0,等了将近一个小时，快饿晕
0,送餐的没到就打电话，等了两分钟不来。之后问他到了吗，不回答还挂电话，什么态度！
0,味道很好，就是送餐太慢了。
0,味道一般～
0,十一点半下单，一点四十才到
0,送的速度太慢等了一个半小时
0,真特么难吃
0,我是11:36下单，13点才到，我打电话催了6次，我无话可说了，希望老板能改进！
0,肉有点少，送达时间慢，味道还可以
0,太慢，我都放弃睡觉了，睡了一小觉才送来，面都泡囊了
0,送歺太慢！
0,服务态度太差，客服不接电话竟然转到联通秘书台，搞笑了。把客户当啥了？外卖还经常洒了，送餐时间超长，整个差评！
0,送餐太慢了，11点半订的餐，你下午1点半才送到
0,以前吃这家挺好吃的，今天吃了下完全没有以前好吃了，这是为什么呢？你家厨师失恋了吗？
0,牛肉特别少，为什么啊
0,口味不错，但尖椒太辣了，腊肉太少了！
0,卤蛋竟然是乡巴佬。。
0,还有比这更难吃的米线吗？
0,点点凉拌金针菇，拿进屋里打开一看是土豆丝，我们娘俩都不吃土豆
0,经过同意换成蒜苗炒肉了，但是蒜苗炒肉的肉有股馊味。。
0,再也不点了～
0,要的番茄味送的其他口味，真是吃的不开心！
0,预计11点24送，现在12点了
0,太难吃了，跟以前吃的明显两个样，送餐也很慢
0,说12点06送达，结果13点20才送到，送餐速度太慢了，不过价位便宜，还是挺值的，以后还会继续订餐的
0,11:01订单成功，商家11:04确认，预计11:41到达，快递12:27才给我打的电话，那这样预计有什么用呀。多耽误事情，大热天的送来饭都凉了。差评
0,"别的先不说了，我餐给我送丢了。。丢了你敢信？我在下面等了10多分钟，跟煞笔似的，送餐小哥让我联系前台，前台让我问小哥。。等我上楼，屁股还没挨着椅子，又打电话告诉我撕错单子了。。用一句文明用语，i,really,ri,le,uzi。。"
0,饭盒里的汤汁都洒出来了，整个袋子都油的，下次能注意点吗！？
0,"不会再定了,简直搞笑，两小小小片肉渣渣和一坨没切的菜花"
0,"今天的实在不够恭维，盒子都烂了到处都是，你说还能吃吗？,送餐时间更是离谱过了送餐时间一小时.,等了快两个小时"
0,面都成一坨了，完全是一坨好吗
0,绝对超过一小时，送餐垃圾，再好吃也白搭。
0,以前定过好几次都挺好，今天巨慢不说，菜汤洒的哪里都是，恶心死了
0,差点饿死我了
0,饭菜挺好吃，送餐时侯慢点都把菜洒了，
0,不错，希望下次能快一点
0,垃圾，等了两个小时才送到，都饿死了。再也不买了，垃圾
0,速度啊，要快点，都快被你们饿死了
0,"不到200米的距离，等了半小时，是商家自认为自己已经很厉害到不会轻易满足顾客的需求了，好牛逼的商家，,我想说我只是个顾客，商家的态度我只能承受了，默默地评价一下了。祝商家不考虑顾客需求的时候，“生意越来越红火”"
0,太次了，一个半小时了才送到，面都驼一起了，没法吃扔了，以后再也不定了
0,"送餐速度一般一小时左右,等待太漫长啊,味道还不错"
0,番茄贡丸豆花米线以后请叫番茄贡丸米线，好吧？！想给零分差评！！！
0,"整体还不错,就是太肥了,而且都凉了,送餐态度不好"
0,"速度达不到40分钟,希望如实描述,。米线油多,倒进全部米线后会溢出饭盒,很不方便,希望换更大更高的饭盒"
0,送餐及时，菜量不小，足够饱。
0,科大这两步路送了一个多小时，啥也不说了，再也不见
0,鸡块里一半是鸡脖子……
0,没有年前分量多，在走下坡路
0,少了两个蛋
0,服务员态度死差，建议改革
0,从下单，到配送，前后两个小时，多次打电话催，等了一个小时先是说送餐的人车坏了，回去换车，过了半个小时再催，又说换了个人送餐。又等半个小时，还没有送到，饿得不行了，就自己出去吃饭。两个小时才收到送餐员电话，结果告诉我他的地方还没对。本来是加班，想说订餐可以节约时间，结果可好，气死了，再说，饭菜做好了，即使两个小时送到了，还能吃吗？
0,"不到500米距离,不算预定,送了两个多小时"
0,真垃圾，如果有负数就好了
0,不会再点第三次了！！！
0,点这家三次了，每次都把东西洒出来，让人怎么吃呢！
0,能不能到了再打电话，害的我非得在楼下等半天
0,实在是一般啦
0,太慢了、恶死了
0,一个半小时才送到，图片上的饮料也没有，一点也不值21元。以后没有优惠卷活动了肯定不吃了。
0,广味烤肠漏送了！
0,"都没有送到,还让我评价18:40订的,20点都没有看到饭~~~"
0,"还行,就是一个多小时才送达"
0,不知道是不是忘了放盐，肉很腻，味道不太好，小菜还是不错的
0,菜不符！而且难吃
0,好难吃，说是酥肉，其实都是大肥肉，味道也不行，第一次百度订餐，印象很差劲
0,太慢了，不过挺好吃，还有就是我拿错别人的了，亏了我5毛钱
0,必须差评了，配送的不知道怎么搞得，餐盒都放不好，牛肚里的红油流的满塑料袋都是，看着这恶心！烤肠被压在河粉下面，让红油给串喂了，太次了。
0,太慢！三个多小时
0,太慢了，就不要了
0,一个多小时才送到，真是等不起啊
0,迟到了一个多小时
0,餐到现在都没送过来，打客服说取消不了；餐未送达，服务态度又不好。
0,真的。。。不太好吃。。。大概只吃了十分之一的样子就吃不下去了。。。以后不会再定这个米线了
0,太黑了，居然涨价
0,下次注意，希望不要再弄错了
0,速度有待提高，一个多小时呀
0,11点下的单，到了下午一点半还没送，两个半小时就算走路也走到了吧，打电话催了3次还不给送，还各种找借口。建议大家不要点他家的外卖，巨坑爹！！！
0,晚了45分钟才送到。。。不过好吃是没挑的
0,味道不错，送的时间长了点
0,送错了东西还有理了啊～错了就是错了，打电话告诉你们，你们道个歉就完了，女的接的电话不道歉态度特别恶略，很还这那那这的～实在是太恶心了！！！！！！
0,朋友说今天的菜不新鲜还吃出了头发
0,"等了2小时终于送到了。,然后订的青菜黄了，绿豆沙也撒了，汤也冷了，粉硬到拌不开。,有个超时赔付有什么用呢，能吃吗？还不是得倒掉。"
0,忍住没给一星……少送了鸭脚，店家承诺下次补送。粉里有毛发，眉毛那么长的，特别影响心情……希望能注意，谢了。
0,时间过长，最后也没有得到5折优惠啊！
0,"恶心…要吐了…直接扔了,一万年才到。"
0,速度满，十一点四十下的单，一点半到的菜叶都是黄的，我也是醉了，送餐员满头大汗，我是心疼了
0,粉很好吃，就是配送员找不到位置还一直埋怨，送来时已经坨了！
0,和以前的大不一样了，不怎么好吃
0,肉夹馍没送来，告诉我十分钟内送到，可是二十分钟了还没到
