1,好评啊，配送速度超快，这大雾霾天的辛苦啦~
0,就这还想要意见？找客服，你没送到就没送到，找毛的理由了，我饿了2个小时，对你态度能好？直接差评，以后不来买了
0,饼有点硬，不好吃。
1,有点慢～～～送餐时间不稳定
0,送的真快，在快点都能当晚饭吃了！！！
0,"送了一个多小时,两点吃上的,有点夸张了吧"
1,很快，也好，包装也好，赞赞赞
0,连个餐具都没有，送餐态度也不好
0,太慢了，饿到后来吃了点别的就不饿了。
0,红油热干面吃了拉肚子！！难受！和老家味道完全不一样啊！
1,"东西不错,很好吃,配送很快！"
1,提前送到不错。
0,主题太硬了吧？腐竹还凑合
0,"服务垃圾,非常不到位"
1,"送的太慢,由于太饿也不知味道如何,全五分。向同样等待的人们,致敬"
0,送餐挺快的。就是太难吃了……米饭特别多…几乎没有菜……
0,送餐员态度很不好
0,确定再也不会从网上订餐了
0,蛋挞口味都是错的。奶酪披萨也很难吃.....根本就没有奶酪....还晚送了40分钟.....
0,十点订餐。。。十二点十五到。。。我终于知道你们为什么吃的很香的。。。都你妹饿的
1,整体都很不错
1,好吃的卷饼
0,"歪着拿过来的,猪排全洒出来了,差评"
0,基本上还好吧
1,送的挺快的，稍微有点腻
0,你确定你做的是京酱肉丝？还是欺负顾客没有吃过？还是因为顾客选择了打折？还是百度没有给你们补差价？米饭还是二次加热过的，明显是剩饭。无语，伤心，不会再订了
0,没想到已经凉了，比必胜宅送，差远了。起码那个是热的！
1,百度送货员非常快就送来了，就是商家不给筷子不太方便！
1,给力，就是速度慢点，需要早定
0,点的吊烧鸡，店家沟通过是吊烧鸽，也很诚实的说肯定没有鸡那么大，我也就嫌麻烦没退，虽然有心理准备但看见实物还是惊呆了，只有拳头那么大，实在不知道该说什么好，价格还是42，觉得有些不舒服，一只烤鸭一盒完全能装下，结果装了两个半盒，葱丝和黄瓜却用袋子装，盒子也是要钱的啊，红莲确乎不是记忆中的红莲了，我从小在南城长大，对红莲有儿时的情节，当年的南城第一炉已不复存在，快递小哥还是很好的，赞一个
0,十分不理解为什么要用塑料袋直接装，看到都没有胃口了。想剩菜一样……
0,我一再声明留言不要肥肉烧肉！！！！第几次了？！差评！！！！
1,南瓜羹撒了满口袋，煎饼已经惨不忍睹
0,很不开心的一次！！！三点多下的订单，怕他们忙，让他们五点送，这个推时间，一下子下班到18点20才送到这。还各种找借口！！！！
0,没有久久鸭店里买的新鲜
0,"太慢了,1.10才送到"
0,今天可能因为各种原因晚了40分钟吧，还有代金券为什么默认吞了，不支持卷但是在选项和店面下不要标代金劵
0,第二次叫这家外面，发誓再也不会订第三次；第一次是冬天等了两个小时，饭凉的还特别难吃；这次是等了一个半小时，三盒饭连袋子都没有，全是油…最奇葩的是，筷子沒有任何包裝就在手裡拿著，叫這家外賣的請自行準備筷子！然后再次刷新了难吃纪录，汤里的豆腐是酸的，太难吃了全部扔掉重新叫的别的，两次都这么差，真是绝了这家！
0,一个多小时了根本没做，打电话询问，还骗人说已经在路上了，绝对差评
0,不好吃。分量少。送货太慢。
0,怎一个慢字了得
1,送外卖小伙服务真棒，很尽责！
1,送餐师傅态度很好，送餐也很快，谢谢师傅的服务。
1,很好吃，定了好几次了
1,在SOHO500米外的融科望京苦等三小时之后终于等到了！！！
0,不错，薯条特别好吃
0,蛋糕溶掉了
0,等了两个小时，一切差评！！！！！！！！！
0,没那么地道
0,11:10下单的，等送到的时间是差十分钟2个小时。
1,谢谢快递师傅，辛苦啦
0,油特别重，而且不好，汤不好喝，米线汤很重要的！不过菜多，以后豆芽能换成青菜吗…再吐槽一次油…
0,说了不吃辣。。。送来的还是辣的
1,"很不错,还放了芝士,棒"
1,"赞赞赞,好好好,以后还来"
0,这家石锅吃过最难吃的了，首先是没辣酱，然后饭其实就是蒸米饭，不是石锅做好的！！味道太差！！价格还贵！！！不建议！！
0,要了一杯酸梅汤，来了撒了半杯在袋里
1,没想到是熏肉，不太喜欢
0,饺子太少了
0,辣牛肉里面没有牛肉
0,上次没拿水，这次没薯条
1,饼太油腻了。吃几口就不行了
0,没有想象的多
0,"显示的黑椒鸡腿，实际是,翅根,！！！"
0,单加的青菜里有根头发
1,没我想象的大，只有一个卷好了的，差点不够吃！
1,点饺子不给拿醋
0,太慢了，口味对我来说是一般。
1,服务很好，昨天吃的，今天补单的。
0,"土豆丝明明选的炝炒的,送来的就是醋溜的,真心的难吃"
0,"换过两次套餐,都是17换16,前后2次,2块钱,都没退"
1,煎饼里沙拉酱太多了，齁咸齁咸的……
0,太次了，一个半小时了才送到，面都驼一起了，没法吃扔了，以后再也不定了
0,到的晚，都凉了，菜品汤也洒了出来，脏兮兮，炒饭里也没看见芝士！
1,送餐很速度！糕点很好吃
1,不错，肉很多，包装也挺干净
0,红烧肉饭四块肉
0,最奇葩的一次，这米饭少到没法再少…估计成年人能吃五份米饭，那么大的盒子，米饭放了不到六分之一…难道你家的米很贵吗？真是日了狗了！
0,草泥马，什么玩意这是，是饭么。坑爹呀
1,神速啊！餐还是热的呢
1,赞赞！加红豆味道更好！
1,师傅非常好，谢谢
0,144分钟，足足两个多小时。木有筷子。不会再定。
1,不错~就是鸡腿肉有点少
0,韭菜的很好吃，其他的一般
0,漏发一份披萨，筷子没给，幸好自己有多余的，不然怎么吃，整体心情超差
0,"冲着实体店粥不错定的,谁知道商品没有是在我等了半小时才打电话让我换菜,可气的是换了菜又等了一刻钟打电话告诉我换的也没有,碰到谁估计都窝火了,后来只有我付现金的差价折半解决,这些暂且不提,最近发现用我的账号不能定出问题那一次的地址,（只要送餐地址是出事故那次的地址就就显示商户休息中……,换其他地址又OK）你们商家真有能耐啊,咋回事,黑我嘞,我定的肉饼都焦了,不知道你们定的是不同我一样,同样的转起来,百度外卖那么久,第一次恶评,太恶劣了,投诉这样的不负责的店员和商家,都不能开心滴吃饭了"
0,没有餐具，让我用手抓嘛！
0,俩小时没人送，电话打不通
0,难吃的要死，宫保鸡丁放黄瓜？那叫酱爆鸡丁我谢谢你！宫保鸡丁要放葱和花生米，还有那柠香鸡翅。也是难吃的要命，就不能正常点弄个奥尔良味或者黑椒味的么？。。弄个柠檬味鸡翅。。尝了一口就醉了。以后再不定了。死难吃死难吃的
0,"你吗,送了俩小时,太不靠谱了"
1,送餐很准时，饭菜也很好，值得购买。。。。
0,都点好几次了，这次怎么夹生米，没法吃
0,11点下的单，到了下午一点半还没送，两个半小时就算走路也走到了吧，打电话催了3次还不给送，还各种找借口。建议大家不要点他家的外卖，巨坑爹！！！
0,卤蛋忘了送，后面请补上。
0,八点半下的早餐订单，10:50才送到！！还让不让人吃早餐了？！体验过慢的，没有体验过这么慢的配送服务！
1,味道不错呀，鸡翅好吃！
0,送餐速度太慢了，真是不能忍了，好脾气全被磨没了。
1,"挺好的,挺好喝的,不错"
0,一个小时零十分钟，简直龟速，下次不点了，不准时
0,"晚了一个半小时,而且都凉了"
0,太慢了！等了2个半小时，6点多下的单、快睡觉的时候才来！居然说订单弄丢了！太过分！
0,我只想说，没见过这种送餐的，菜品质量太差，量特别少，太差
1,锅底怎么是13？
1,吃的很饱！一分价钱一分货
1,忘记给勺子了，豆腐脑没吃成
0,呵呵。写的30分钟，送了1个多小时，泡菜汤好一般啊
0,"服务可以,，但是菜品味道、温度都很一般"
0,送来的面都黏了，送货太慢了，等了1个半小时才到，从你店到我这10分钟的路程都不到，还能送迟，我就服了。
0,哎，别的不多说了，吃了拉肚子，大家最好别定这家了。太坑了。
1,"超级快,准时。希望以后都这位小哥配送"
0,皮蛋粥里的肉是鸡肉，还是不知多久的熟鸡肉扯的丝。炒饭更烂了，里面的黄瓜，那是黄瓜啊！是黄瓜皮只是切碎。而且饭黏的要命，还没有放盐。总之太烂
0,口味还可以，就是送餐太慢。离着挺近的，结果等了1个多小时。
0,牛肉面吃到了小蟑螂！无语！以后不能定了
0,太腻了，口感不如西少爷
1,百度外卖服务赞，送餐员很好～
0,送的倒是真速度～可是勺也没给餐巾纸也没有-_-#…以后不点这家了…面不好吃～一股子很不新鲜的味道…鸡腿也是闻起来不新鲜…酒糟小汤圆好马马虎虎…
0,"豆角很老,很柴"
0,菜品偏咸，味道也一般。打开包装里面菜汤全洒了。
0,"还可以吧,送餐太慢了"
1,骑士蛮好，温馨提示我汤菜是分离的。吃过不止一次了，但是下次能给我拿双筷子么………
1,大赞蒜苗肉丝和干炸丸子，确实好吃。
0,"一般般吧,没味道,说了多刷酱,还是那么抠"
1,味道很像必胜客的味道，外送也很专业
0,卷饼味道一般，粥难吃
1,就是有点咸，，，，其他都是完美的，爱宇宙卷饼
0,外卖不给餐巾纸的吗？
0,今天饺子都烂了
0,点的是套餐送来的是单品，没有小菜和饮料～不知道是商家没给外卖员还是外卖员没给我。第一时间打电话给商家联系了让他们问一下外卖人员，不过之后也没有收到任何反馈。百度外卖做的真的不行，点了两次两次都很失望，第一次等了2个小时打给送餐人员说还要等半小时实在等不起最后无奈取消了，客服电话人员态度恶劣！建议百度要不就好好改进下这个版块，要不就关了吧～一水的差评影响百度声誉～
0,严重怀疑食物的质量！居然有烟头
1,快递给力，排骨饭和鸡饭全是肉，味道好，汤都拌饭了，一个女生吃不下一份。
0,"麻辣鸡丝凉拌面没有鸡丝,除了白面条和调味料没有任何别的了,调味也不好吃,太油了,不知道这次咋回事,及第肉松煎饼是辣的,还是传统和鸡柳的好吃"
1,吃了很多次
0,麻将怎么没有味道，不太好吃
1,"好好次！木耳的味道吃不习惯,其他都挺好"
0,"香菇鸡肉卷太咸了！！！,皮蛋瘦粥，呵呵，真的很迷你，且皮蛋是皮蛋，肉是肉，米是米。。。。"
1,百度骑士很快就送到啦！不错
1,肉好多，实在，送餐没法进北医校门
0,凉皮吃不惯，送餐一般
0,凉了，不怎么好吃
1,写了要发票，没给发票
1,挺快的，味儿也不错
1,百度骑士最牛x！！！！！
0,这几天送餐越来越慢了，我11点十四分定的餐，将近两个小时才送到，菜品质量也越来越差
1,配送员送货及时，糕点质量好
0,很快，就是没发票
0,不是很好吃
0,锅包肉里的大蟑螂很入味！棒棒哒～
1,皮蛋瘦肉粥味道太淡了……
0,味道一般，量有点少！
0,"速度达不到40分钟,希望如实描述,。米线油多,倒进全部米线后会溢出饭盒,很不方便,希望换更大更高的饭盒"
1,还不错，鱼香肉丝很好
1,一般，煎饼更适合现做现吃吧
1,盐水鸭份量越来越少
0,海鲜乌冬面很好吃
0,肉很足，味道还行，就是送的实在太慢了，等了两个多小时，到的时候菜都凉了。
0,送餐员让我自己下去取的，天气热，疲惫可以理解，但是拌饭缩水了略失望
0,差一分盐酥鸡
1,不错哦，快递员人很好
0,给我忘了三次了，今天又点了，居然都一点多了都没送，打电话都说已经在送了，都没核实是谁就说送了！后来要取消也取消不了，电话也打不通，饭也没给送，也没个说法。害的我中午没吃上饭！气死了！看情况就是把我的忘了的。
0,一般，量小，干净卫生
1,等了两个小时。
0,"还有比差评更差的评吗,小迂腐这名儿起的贴切,近两个小时不送,店家还失联,送来了打开一看一度以为送错了,红烧排骨套餐有一块排骨吗,这样的店还有存在的必要吗"
0,你们的菜品质量已经刷新新的下降高度，店家你们知道吗？这么好的地方美食你们忍心做成这样吗？
1,卷饼一般，粥和小菜不错，包装很精致
0,"等了两小时,还超难吃"
0,失误难免，，以后请注意。。
0,名气大，味道真心一般。薄脆偏油，煎饼还不错。拉面煎饼是创新，另类了，不符合我的口味。土豆丝肉丝卷，我只能说，简直就是灾难啦！
0,"土豆丝葱姜蒜什么配料都没有,白哗哗的能发照片就好了这个厨师是不是以前干司机的,气死了"
1,感谢骑士师傅，辛苦了！回家路上定了餐，到家没多久就收到了！赞
0,煎饼越来越难吃了，鸡丝凉面是第一次点，绝壁是个失误啊！！！
0,"中午点的少给我饮料,下午点的少给我广味烤肠,备注补给中午的饮料也没给,我真是无语了，估计投诉百度外卖也不会理我吧"
1,煎饼还行，红油抄手好多油啊…
0,送餐很慢。。。
1,超赞。10点多就到了，味道不错的
0,送餐严重迟到，饮料没有吸管，煎饼已经凉了
1,骑士小哥辛苦啦！非常快
0,一般吧，饼不好吃
1,袋子简直是传递正能量的天使啊～要是能送得再快一点就好了～饿的下巴要掉了～
0,"等了将近两小时才送到,都凉了,也不好吃"
0,首先，定的是5点半的，结果4点多就打电话催着拿了。。人都没回来，放那等着凉啊？再者，要求把米线放进去（不放进去味道进不去），拿过来的时候根本很难放进去。。。。PS：送餐员很喜欢挂电话！！！
0,有史以来最糟糕的一次外卖，下午5点下单，晚上8点才送到！期间我还打了10多个电话！只接了3个，全部都是敷衍搪塞的说辞！好不容易餐到了还要我自己冒雨走一大段路去取！希望百度不要再和这样的无良商家合作！
1,一直吃他家湘菜～味道正宗。
1,味道挺不错
0,必须差评了，配送的不知道怎么搞得，餐盒都放不好，牛肚里的红油流的满塑料袋都是，看着这恶心！烤肠被压在河粉下面，让红油给串喂了，太次了。
0,你们就是这样的吗。鸡汤是酸的，放了几天才给我们喝呀。妄我这么支持你家
0,11点以前就定的餐，做了1小时48分钟，呵呵，我只想说：拜拜！！！
0,发错了吧，我要的石锅拌饭，送的是炒饭！！！
0,太难吃了，东坡肉就三块又特别肥，没法吃。
0,订的12：00送餐，12：50才送到，上班族中午时间有限，请商家以后工作再细心一点。红烧牛肉套餐土豆多可以理解，但牛肉太老了嚼不动，请改进。米饭量挺多的值得表扬。
0,最低两颗星，以后不会再点。
1,四个人吃得很饱，要是能选择尺寸就更好了
1,送的有点慢…酱香卷还是很好吃的
1,还可以就是送餐速度有点慢
1,感觉是秒到啊
0,你知道多慢是慢么？多难吃是难吃么？
0,我没有吃到，还已完成
0,太慢了，，。
0,差！强烈不推荐！首先送的东西少送了，还是自己打电话去问，问了又告诉我打另一个电话！为了退款自己打电话就打了四五个！其次东西真的超级不好吃，看着也脏脏的！很垃圾
0,一个小时30分钟才送到，都凉了，味道很一般，再也不订了。
1,"粥里有头发,就没吃,剩下都好吃"
1,送货速度挺快的
0,没有发票，送餐时间晚，
1,送餐师傅人不错
1,吃第一口不错，越吃越咸，分量还是很足的，肉很多！
1,很棒，也很快，快递小哥很有礼貌
0,3份饭，一双筷子都没有。
0,不好吃...
0,晚了半个小时才到，孩子饿得吃饼干
0,米线里没有放牛肉
0,我点的鸡蛋干为什么送过来是豆皮～不好吃
1,经常定，特别好喝，快递给力。
0,送餐慢一个半小时，菜品温凉不盏。这是一家卖面的餐厅，面都坨了！根本不能吃！两份说附汤的，结果只有一碗汤。很不满意的一次外卖感受。下次不会再光顾这家了。
0,套餐里有橙汁都没给，干毛呢
1,"快递小哥很辛苦,下着大雪,还辛苦的工作,必须赞,好评"
0,太差了，就不能在百度外卖定，一点信誉都没有，
0,牛肉非常非常老，腥味太重
0,时间太长，并且泡菜汤没有米饭
0,咖啡到了几乎凉了，还撒了好多，以后不会用百度外卖代购咖啡了
0,明明走路十分钟就可以到的地方，可是十点半之前订的餐，十二点半才送到，米线全都烂了，真是没法吃
0,不合我的口味，披萨的香辛料太多，奶油培根面放胡椒我不喜欢吃，总体味道太重。
0,洒出来了！！！配送太差！
0,说不要辣，总加辣椒，无语，不知道是系统原因，还是什么
0,餐送晚了，打电话咨询态度很不耐烦说等着吧。味道没有以前好了，太多也越来越差了
0,菜太油，不好吃，下次再不点了
0,"太慢了,量太少"
0,就是太慢了，我12：44才收到，晚了一个小时，饭都凉了。
1,第二次买了，味道很好!
1,这么恶劣的天气真是辛苦外卖小哥了！！！
1,配送很快，赞！套餐份量很足，味道很好，特价价格也很便宜，非常划算！
0,送餐很慢啊
0,不仅送餐慢，还特难吃。红油抄手全是酱油汁，土豆饼三根土豆丝味道很差，总之太垃圾啦。以后不会再来。
1,好吃，小贵。比附近另一家对我口味
0,双拼里的番茄鸡蛋很差，番茄是坏的，鸡蛋带蛋壳。
0,在店里用百度外卖下的单，收了配送费，但是不送饮料～我和我的同学，我们班的同学，都不会再来了～
0,这次的菜不一样，都是我不能吃的
1,菜很好吃，吃的很舒服
0,凉皮没醋，没盐，不知道怎么吃，从来没吃过甜的凉皮，真难吃
1,蛮好吃的就是饭太少了
0,味道很一般，看着盒子挺大，实际上菜没有多少。
0,套餐送错了~要的豆腐脑套餐～送的煎饼套餐！9点15下单～显示十点到~结果10点20多了才来～今早订餐真不怎么样！又迟到又送错！价格还不对！
1,很快就送来了，棒棒哒，满意。
1,都挺好的我很满意。。。
0,我的番茄酱呢！
1,整体来说不错
0,"都没有酱油醋,而且,十元一碗的粥,好少啊"
0,速度太慢！配送员态度不好！车子没电！请把工作提前做好！送餐距离只有1公里！84分钟！太“神速”了！还有不能在预计的时间内送到就不要写上！
0,太一般了，没有店里好
1,煎饼真唑实，一个就撑。吃的拉面煎饼
1,v吃着还不错
1,送餐速度很快！就是忘了点备注的需要餐具了，以后能不能直接送餐具？
0,这么点菜是几个意思？！气死了。一次比一次少，店家欺人太甚。
0,不是一般的差，服务差到至极！饭量少的要死！
0,同宿舍三个人一起点结果分三趟才送过来，等了两小时才送到，从来没见过那么扯淡的！
1,这次的麻辣教父一点也的不辣诶。。。不知道为啥。。。
0,速度太慢，饿死了快～
0,与店里味道不一致
1,第一次吃鸡米饭超级好吃！送餐也超快！
0,辣死了，吃完整个人都不好了。。。
0,冷面难吃死了，还不如方便面，太垃圾了，
0,鸡丝凉面太太太难吃啦
1,少一份肉末酸豆角，因为上次少个卤蛋，这次多给了个卤蛋
0,"超级恶心,取了半个小时,送了45分钟,不给打电话还不给送呢,张嘴就瞎话,说在楼底下了,出去等半天也没人,还差3分钟就半价了,早知道不尼玛给你打电话了,直接半价拉倒,星冰乐一点冰都没有了,奶油也全泡没了,咖啡也洒了点,最快一次一人13分钟送来了,你TM送了1个半小时,人比人得死,货比货得仍啊"
1,非常好，现在每天都喝，下午一杯柠檬绿茶提神醒脑
1,价格合适，面有些硬
0,不是百度吗，怎么变成了达达。而且包装全是油，我觉得诚信还是很重要吧。
0,太慢了，我等了快一个小时，下单时候说明我很赶时间，还是很慢，下次得早点定
0,"九转大肠不错,其他一般啦！"
0,面油有点大，汤洒了，送餐态度不咋滴
0,这么好的店、宫保鸡丁竟然拿土豆充当鸡肉！20多的菜，至于吗？
1,准时到达，非常满意
1,鸡肉卷肉很多呀，味道不错
0,回锅肉不能吃了，基本上全是肥肉
1,"第二天接着你家菜单，一如既往的好，量足，实惠，店家诚实守信，要求什么做什么，虽然今天的锅仔鸡蛋豆腐好像给我送错了，还是做错了，送来的是西红柿豆腐吧，这,可以接受，骑士哥是真的扫了今天的胃口，订餐那么多天头一次遇到这样什么都不懂的骑士哥，居然打电话问我详细地址，几环，标志性建筑，最后还要我发地址信息，实在忍无可忍回应他，我在百度订餐留的哪里就是哪里，真的是倒胃口"
0,味道一般般，饼大，肘子肉少。
0,20元套餐送来的时候都洒了，有一个明显滥竽充数
1,炒饭略咸了，味道还是不错的，银耳汤还是那么好喝
0,真心服了…少送一份…说装的时候少给了…送餐员不核对吗？补送还没到…我们已经上班了！！！
0,忘给筷子了…
0,饭是冷的辣白菜汤撒的到处都是。发票已经污损。
1,"第二次吃了,很好,送餐也很快态度非常好"
0,"送的太慢了,等了近两个小时。。。到的时候粥洒了一半"
0,看着还好，可是没有送筷子怎么吃？！！！
0,"焖面太难吃了……配送员先是送错时间,后来干脆把东西放在外面自己走了！"
0,羊腿肉硬的和皮鞋底一样，咬不动，扔掉了，莲藕比什么都多，估计莲藕最便宜了
0,"送个餐90分钟,呵呵,竟然送餐不知道坐电梯去B2,呵呵,我自己去拿的,呵呵,没心情吃,呵呵"
1,好快！配送员特别好～还送了果冻哟
0,口味一般，送餐慢
1,送餐很给力！上次点餐留言说可乐换豆浆，谁料这次竟记住了这事！不得不再赞一次！同时看到有人抱怨送餐速度的问题，作为一个旁观者而言，我只想说，送餐员不是宇航员，电动车不是火箭，你住在火星非要享受住地球人的用餐待遇，怎么可能？我之所以选这家，首要原因是近，万万没想到，从此停不下来了！竟爱上了这个味！
0,"我真服了,呵"
1,晚了也没多长时间，差2分钟一个小时吧
1,卷饼很实惠，粥里没糖
0,三个多小时都没见到餐，太烂了，还说已经送达了。真是无语了，以后再也不定了。
0,送来的太晚，而且备注了不要辣，结果超辣
0,太慢太慢，再也不定
1,面和粉的味道很赞啊，分量足，牛肉肥肠也给得多，豆干好大一块啊
1,"很满意！送餐速度挺快的（毕竟近,马路正对面），菜量没有堂食多。"
0,28块钱的皮蛋瘦肉粥，只有几根干巴巴的肉丝，还比不上早上街边两块五一杯的皮蛋瘦肉粥呢，商家居然好意思拿出来卖，人才。
0,"全都凉了,汉堡都凝固在了一起,难吃"
0,一个半小时才送到，送到都是冰凉的，还不带够零钱，付款时找不开还让我去找零钱给她。差差差！！
0,感觉太干了，不喜欢
0,红烧肉里有沙子，配送还把汤倒出来了
0,什么都没收到，就显示完成了。
0,还可以，喜欢吃素的。
1,很速度，赞，奶茶也好喝。
1,超好喝，快递小哥很热情，速度很快…
0,为都是肥肉！
0,速度慢，换的汤太难喝了，咸，炒饼还好吧，总之一般般！
0,太差劲，等了92分钟居然还没送到，请问有没有职业道德，还讲不讲信誉！
1,味道超级棒
1,炒菜需时间较长，配送小伙提前电话提示，细心！赞一个！
1,专门打去电话改送餐时间，店家也说纪录好了，可是还是11点给我送来了，汗！谁中午饭这么早吃啊！更何况还没下班呢！真郁闷！
0,还不错，挺快
0,"今天少送了一份鸡柳-_-||,每次都会少东西T_T,食物有些凉了,配送人员服务非常不错"
0,送的太早，吃的时候都凉了
0,早上9点订的，下午1点多才送到。中间催了两次。味道一般。就这样。百度，你们能把握一下入驻商家质量这关嘛
0,烤鸭太难吃了，根本咬不动，不过百度外卖很给力，取餐速度超快
0,太快了，都不饿了。
0,套餐不值，上面写的土豆泥，结果送了点小黄瓜。。。。。。。。。
0,牛柳越来越少！
0,太慢，时间不准确
1,有点辣还行吧，米饭少
0,十点多就点菜也然并卵，十二点多才送到。好久没吃了印象中很软烂进味的手撕鸡干硬而且味道一般，因为时间久了还有点凉。可能是顾客多了不管是菜品质量还是送餐速度都下降了很多，残念，可能很久都不会再想吃了。
0,实在是好慢啊
0,"一起订的两个,分两次送,行不行啊你们这餐馆"
0,水平有限没问题，但不应该少给东西啊！俺单点的鸭肠呢？
0,没想象的好，粥里没硬货，饼味道还行，量一般
0,今天送的很快。但是，但是，送餐的人把饭盒摔了，粥全洒袋子里面了。不爽
0,"我东西都没收到怎么就订单完成了,商家太不负责了啊！"
0,送餐很快，东西很难吃。有中学外包食堂的水准，卤肉就像炸酱面的卤子用水稀释了一下，配菜就两口，外加半个蛋，没了。
0,菜都没放盐，一点味道也没有，饭太烂了，水水的，还有一股奇怪的味道
0,最后送到的～都变软了
1,很喜欢吃酸菜。汤也很鲜。。。
0,"根本没送到。等一个多小时变成送达。,不知道送哪去了。"
0,"太难吃了,饼都变了,凉皮料也不对,骨肉相连骨头都不脆了"
1,好吃好吃。
0,"再也不点了,大拌菜都不新鲜了"
0,等了200分钟，终于到了！真快！！！！
1,蘑菇给的分量挺足的这次
0,送来都凉溫了！！！
0,我和同事同一时间订的外卖，她都吃饱了，我的还没到，头一次吃饭这么晚!!!
0,皮太厚，没有菜太腻
0,肉皮没弄干净，都渣嘴
0,给商家打电话问下外卖的送递的时间，接电话的那个人太霸道了，吼起来了
0,送来是凉的，而且油比较大，吃了连一半都不到，不会再在这儿订第二次了，吃完还得喝杯普洱茶刮油
1,还不错，就是等的时间有点长了
1,很不错，不过综合起来还是肘子卷更好吃
0,好几个人都说量少味道不好
0,味道不敢恭维
0,感觉现在越来越不好吃了！
0,算是饭了，菜少的可怜
0,送餐速度太慢，两个小时才到，打电话也不接！味道也很差，直接扔掉了。。。。点过的最差的外卖！！！！！
0,和去店里吃的味道和菜的新鲜度不能比，这很一般
1,很好吃！包装也很用心！
0,备注了要常温的，送的热的，要的香草拿铁，送的是拿铁
0,送的可乐呢？？
0,"送餐太慢,是不是因为用了优惠卷,只花了4元就最后给我送啊～,还没吃呢,等的太久,都没胃口了"
1,表示售后客服很不错，虽然送错口味让我多等了一个小时，但是味道真心很赞
0,差评，外婆菜没配送
0,第一我想说的是送餐：不知道是什么原因全都撒了。第二：我想问问这个就是一切以实物为准吗？（与照片及其不符）警告后面订餐的朋友，请慎重。
0,差评再也不来了
1,又快又好！热腾腾，好吃好吃
0,都说了米线和宽面，写了备注还送错、软软的怎么吃，
0,"两份饺子还不够我一个人吃呢,疙瘩汤跟面汤似的,麻辣烫不值"
0,味道很好只是米线太硬就像没煮熟似的！！！！！！
0,"单子竟然被转派了，,联系标注了电话的送餐员很不负责。,后来送餐来的人态度很好，,虽然迟到了很久，但是解释了原因。"
1,工作人员很速度，服务好，赞一个！
0,点的套餐，结果只送过来一个汤，还洒的都没有了，打电话过去说补发过来，结果等了半个多小时再打电话过去说还没人去取，那就退钱吧，说不会操作，要等百度骑士有空的时候过去取，然后给我送过来。这午餐吃的真是愉快。百度骑士撒了汤的确他的错，但是下错单总是店家的错，没必要把错推来推去的，谁也不傻。
0,史上最难吃的卷饼啊！！！包装精美，但是卷饼本身做的太差了，口感、味道、馅料都不行的说。。
0,蘸酱菜的生菜很不新鲜。锅包肉没有第一次做的好，咬不动。韭菜盒子的边太宽了。
1,还是特色的好吃！拿到还是烫的，很好，鸡翅也好吃
0,"不明白为啥送餐如此慢10点订的12点40才送来，催餐还要我自己催，我要不是找到送餐人的电话，送餐人说还先送别人的，那你就不用送了，我直接退单好了，都到下午上班了，还吃啥！最后一次，如果再送晚，真心再也不订了！,不过说句实在话，饭还是不错的，稍微有点凉了，能看出是早就做出来但是送餐人太墨迹的缘故，不过餐厅你也应该主动催啊！电话打不进去，打了20遍通了居然跟我说让我自己催，你们忙~我就呵呵了！"
0,辣酱面都驼了，重点是餐盒收费还是烂的，所有汁都漏在袋子里，难吃没下次了再见
0,特难吃，菜、酱都特少。送餐超慢！而且还不接电话，
1,披萨和菠萝派不错。还可以吧
0,"我真的是特么的服了这个送餐速度了,2个小时,我特么,催了1个多小时,东西还真挺特么好吃的,就是太特么慢了,以后大伙们想吃就去店里吧,定了肯定耽误事儿,今天我特么就认了"
1,"外卖大哥超级好,披萨也不错"
1,就没送果汁，已跟送餐员说了
0,时间我就不说了等了一个半小时～关键我点的奶黄包，给我的竟然是豆沙包～
1,骑士太给力了，送餐快，直接到门口
0,让人崩溃的慢，将近两个小时送到，我真服了，等到都感觉不到饿了呢，这点值得一赞啊，这上边的大约送达时间让人不敢恭维啊，差距有点大
1,比预计时间送的还早十分钟，态度很好，点赞！
0,菜品及包装看起来不错，吃起来也还好，但是吃完之后总是拉肚子，怀疑不太干净。
0,粥的盒子都碎了，没法吃。
0,菜品质量还可以，但是大家注意点肘子时一定要三个菜，不然不给特价，但是系统会给下单，之后饭馆会不顾你是否方便无限的给你打电话，按照他们的要求加菜，然后付现，之后菜价不会按网上的价格给你，态度极其不好，第一次用百度，之后不会再用了
0,"茄子居然没有放盐,我几乎都没吃,做的做来越差,我打开包装茄子到处都是,都从盒子里出来了,怎么吃再加上没有盐"
0,"订完餐到给我打电话接餐用了两个多小时，给我打电话接餐到见到外卖小哥用了半个小时，东西东西显然已经冰了，吃个屁啊还？,科科"
0,送餐超级慢，味道还可以
0,送错主菜了，叫的宫保鸡丁送的干锅菜花，来不及只能先吃了，联系客服然而几个小时了还没退差价。
0,汤里有虫子，此生不买第二回
1,送餐太快！也是一种错
0,石锅拌饭味道一般
0,不是特别好吃，没什么滋味
0,油豆皮没送
0,太慢了太慢了太慢了！
0,味道还可以，就是里面有砂子
0,饼太硬，香肠炒饭里的香肠是臭的
0,"首选是得吐槽一下这家的速度,一个半小时起,然后卷饼包装很不错,酱香鸡肉的比较赞,飘香肘子一般般,只是店家,我强调那么半天一点辣都不要,素卷里还是辣的,先吃了一口觉得你家酱汁太稀,味道淡,然后就直接吃到了红红的辣椒,我刚手术完几天不能吃辣啊,今天注定又是难熬的一天"
0,"猴子面包就给那么点奶油,无语了"
1,今天太快了，满意！
1,很快很靠谱
0,"餅沒嚼勁,味道太單薄"
1,好吃，送货迅速，大冷天送货，送货员辛苦了。
1,很好吃，。送餐准时！！！
1,"煎饼不错,麻辣拌素简直黑暗料理"
0,太差劲了~送餐晚了就算了，还让人自己去取餐，是你送外卖还是我送的，自己下去，还订餐做什么！
1,提前送达，味道不错，再接再厉！
0,送的东西三盒都洒了，车翻了吗？
1,小贵，好吃
0,送餐难倒是黑社会老大？太牛逼了
1,味道好，只不过比预约的时间早了四十多分钟，还好我在
0,"卷饼还不错,送餐速度跟粑粑一样,近一个半小时,送来都凉了,还得拿微波炉热"
1,很好吃，送餐及时！
0,"饭挺好的,送的太慢了11:10等到12:45"
0,粉太淡没味，没上次好吃了，也不辣。
1,酱少放了点，有点淡
1,送餐小哥又帅态度又好
0,送餐速度巨慢，客服态度不好，推来推去让自己联系，人大店电话无人接听。
0,"豆腐太难吃,菜也放醋,太酸了"
0,盖饭好难吃…粥还可以
1,很快。这次饭量挺足的！
0,都挺好的^ω^再优惠点。
1,"好实在的卷饼,够值"
0,"味道一般了,可能吃腻了"
1,好吃但是太咸了，其他都还好
1,送的太快啦
1,"又一次来,不错的说"
0,不好吃、都是肥肉
0,一个小时才到，粥也洒了，饼也凉了
0,晚送半个多小时
1,非常准时！！！鸡肉的很好吃
0,蓝莓山药送来的时候是坏的，打电话回商家反应没有诚意处理，一直说蓝莓本来就是酸的，还让我在电话那头等待了8分钟，最后受不了了，把电话挂掉了
1,不错，口味很好！
0,外卖员不给送到地方，让自己出去拿，态度恶劣
0,"以后再也不会要宏状元了,送餐跟蜗牛一样"
1,还没吃，包的挺好的，就是木有礼盒了
0,两个小时的配送时间，真是服了
1,"挺好吃,就是小贵,如果没立减的话"
0,香肠炒饭太烂了。。。又少香肠不超过3片
0,评价前始终没有收到晚餐。很差劲的外送员
0,点了三碗粥，两个碗坏了，全洒了
0,送餐现在越来越不靠谱
1,"是羊杂粉，一碗就饱了∠(,ᐛ,」∠)＿"
0,快递很好。穿心莲一半都是坏的！一半绿，一半是烂菜叶子的黄色，没法吃！再也不在这里定外卖了！伤心！
0,送餐打电话跟要打架一样，我还挺客气的说放在门卫那儿就好，话还没说完就给挂了电话，够可以的
0,太慢了，就不要了
0,不好吃。羊肉泡馍。肉夹馍还挺好吃的
0,菜品两分，不能再多，肉菜卷真没见着肉
0,一份蝉蛹，八只，太少了吧，好晕啊
0,还是可以，希望^_^能按时送到就更好了
0,明明要的芥蓝，来的却是生菜，不是一个档次
0,在你家订了很多次了，这次又是没有按时送达，而且饮料没有吸管，餐具纸巾什么都没有，我问你们，豆腐脑没有勺子拿什么喝？？？！！
1,早饭没的吃选了百度外卖，谢谢张骑士
1,挺好的，也很快，好评！
1,"价格太划算了,买了三个水果盒,一杯豆浆,两个煎饼,才¥28。食物好吃干净,水果新鲜,葡萄粒粒饱满结实,桂圆大粒,煎饼飘香。,这么大雨,大暴雨啊,真的很感动,谢谢送餐大哥,您辛苦了！！！"
0,汤洒了一塑料袋。。。回锅肉味道一般
1,很好吃，奶茶还好，天很冷，还没有凉
0,百度外卖小哥很热情，很好！可惜菜太差了，难吃，糖醋里脊黏不啦叽的，千叶豆腐不是一般的辣，木耳也没啥味道，很多杆儿，木耳品质也不好
0,送的很慢送来的时候凉了
0,送餐员服务到位！
0,包装超级好、味道也不错
1,味道还可以，快递服务很到位。
1,还可以吧。没有土豆丝的好吃。个人感觉。哈哈
0,昨天少给我送一个肉夹馍，9块钱没了
1,很好哦，很好很好。。。。
0,太难吃，感觉送来的和店里的比要mini和简陋太多。
1,很快，还挺好吃的，下回还会买。
1,很好很满意！
0,饼带汤的洒哪都是，还一直淌～南瓜粥一点味没有
0,菜不怎么好吃，就是包装盒子看着挺好看
1,非常好吃，而且速度特别快
0,扁豆焖面超级干！排骨分量超级少，一块就一口的大小。太不值了！！！
0,菜量少辅料多，米饭量少的更是惊人，
1,"饭菜可口,感谢百度配送小哥这么冷的天送过来"
0,茄丁还不错，毛血旺不是很新鲜，拉了好几天肚子。
1,饭馆离家一站地，俩小时才送来，虽然冬至吃饺子的多，也太慢了。不过百度赔付逾时费了，确实没想到。
0,勺子筷子都没给～让我用手抓着吃啊
1,送餐很快，菜也好吃，值得推荐，就是量在大点就好了(づ｡◕‿‿◕｡)づ
0,味道不错，比预定时间晚了半小时送了瓶可乐。
1,速度快，态度好，好评！
0,已经很少用百度外卖了，因为多数时候自营配送都很不理想，以往是动辄一个半小时送餐时间，今天好不容易比较快，但是汤汤水水洒了一屋子。之前百度还会重视售后反馈这块，后来发现也只是打个电话了解一下情况，无歉意无改进。百度外卖再这么下去还能继续多久。
0,能把人辣死，这是眉州东坡吗！
0,可能是因为远，汤都在盒子外面，鸡肉饭的味道一般
1,"土豆泥量够大,吃了半份快饱了,披萨芝士够足"
0,谁也别来这家别怪没提醒！忘记评价了百度外卖软件逼迫完成订单，其实这份饭十点半定的，等了一天压根没有送！！！店家还逃避不接电话，把店铺立刻下架让人找不到，找到后显示“店铺下架”！
0,太可怕了，不好吃啊，送餐倒是很快
0,送外卖的脑残，说好了南门，送到东门，害我等半天等不到人，打电话让他送回东门，居然说找不到，路都分不清你还送啥外卖，更何况你是人，不会问吗？难道你是猪吗？
0,送达了？送哪去了，已经是第二次了。你们搞什么啊？浪费我的一份订单？要是不想做生意就别开了。
1,"快递小哥很好,赞一下"
0,真的不好吃…大家都是怎样的要求给了介么高的评价。吃的很抑郁
0,三鲜饺子里不是虾仁吗？怎么放那么多虾米皮？饺子皮很厚，饺子馅就是一团浆糊，不知道是啥，很难吃。娃娃菜太油了。
0,从来没有订过这么慢的的餐，直线距离不到800米，非下雨天，能给我送近2个小时
0,还没收到！根本联系不上！
0,"沙拉变海带,等了108分钟,不是百度的外卖,是商家的,也不提前说明,没有订单跟踪,打了若干客服,电话没有一次有人接听"
1,这次速度很快，味道不错。
0,油都溢出来了
1,太度很好送货及时！^_^
1,"有点慢,别的没什么"
1,好吃！很新鲜！送餐小哥也很好
0,吃了后很多人拉肚子，饭菜质量有问题，不卫生！！
0,"送餐的一个多小时才来,太慢了"
1,"杯子坏了,不过饮料没出来,其他都可以"
0,订单备注写的很清楚四点半点送餐，三点商家就把面做出来了，面都坨了，感谢百度外卖师傅！
0,"太特么恶心了,服务不到位"
0,虽然送晚了，但是商家的太度还是可以的
0,送餐速度慢，打包盒里全是散的粥
0,送错餐了当时，又给送了一份，味道一般
1,"好吃！！分量足,居然给了这么多肉"
0,很不错，超值的
0,"要的梅菜扣肉给的猪蹄子,囧"
0,什么味没有，不怎么样
0,"除了碰上店家没电等了一个多小时,其他都不错，菜品可很好"
1,价格实惠，味道不错。
0,送来的经典巧克力洒了小半杯~第一次百度订餐，下次再不敢用了
1,很好吃哦，推荐大家尝一尝
0,太难吃了。大米不好蒸的也不好。鸡都是碎的。
1,孩子非常喜欢，尤其是草莓甜饼还会再来
0,鸡就跟半份似的，四块肉，四五块香菇，三四个像鱼丸大的小土豆，这菜太坑爹了
0,宫保鸡丁里居然有一堆茄子，太差劲了
1,发货速度较慢
0,"太慢了！！！！晚上还不错,中午不要点！"
1,肘子肉再炖烂一些就好了
0,才发现立减6元没减到，难道人家送餐人员忘了？
0,里面的吃的，都弄乱了，叫我怎么吃。
1,很快好开心
0,"差差差,备注了不要辣,结果还有一盒很辣,孩子根本没法吃,等了那么久,孩子们已经饿坏了"
1,南瓜粥一般，没有南瓜的香甜味道！
1,"有点儿慢阿,八点了才来"
1,味道真心不错啊，像家里做的感觉～
0,这麻酱做的是巨恶心
0,80分钟才到，送餐员别袋子给捏破了也没说什么，薯条都已经凉了，很渣的一次送餐
0,一般般，速度慢口味也不是很好。奶油汤清汤寡水的，披萨饼薄脆太硬，凯撒沙拉的面包粒用的是软的，并且与披萨放在一起来了直接成热菜，菜叶焦黄，伴酱无味。看似唯一好吃点的就是那个串了。送餐速度我就不点评论，和其他顾客一样啊，唉……
0,第二次定了~~不错咯
0,菜超级少！！
0,说了多放辣多放辣，结果一点都没放服了
1,一开始以为就是普通手抓饼，拿到后觉得好高大上，牛皮纸袋，锡纸包裹，重要的是肉肉好足，100个赞啊，如果要是再快一些就完美了
1,"外卖人员很给力。除了蔬菜粥都好吃。,那个蔬菜粥盛的时候能不能注意点。吃到四根头发。果断给扔了"
1,送的非常快，包装好！谢谢师傅！
0,好吃，没有发票差评。
1,菜有点辣，菜量挺好，量大。味道挺好。
0,留言说了不要胡萝卜，还是放了好多。。。挑了半天才能吃，心塞~~
1,最爱吃的两样，而且送餐超快！
0,秘制凉皮怎么那么多油啊。。跟西二旗那家有点不一样。太油腻了。肉夹馍还可以。
1,捡了个便宜，搞活动正好看见了，味道不错，量也大。
1,第一次吃宇宙卷饼，好吃~
0,咖啡全部都撒了出来，每个杯子至少损失了5分之1，杯子外面都是干了的咖啡，运输环境太差
0,肉夹馍95%的是肥肉，杭椒皮蛋。。。我吃不了，蛋黄有点恶心。。。凉皮没放盐，盐涨价了吗？？？？
0,配送太太太慢了
0,一般，排骨给的少
0,我点的20元的牛肉蔬菜卷，送来的是8元的尖椒土豆丝
1,送到还是温的，这大冷天，辛苦骑士了!
1,赶时间，联系店家提前送的，超赞
1,速递小哥辛苦了，饭菜到手还是烫烫的，在这寒冷的日子，谢谢啦！
1,送餐送错了，送来三种不同口味总计19个小笼包，也是醉了
0,为什么经常要撒掉！我没次不说，你们就没个完了？！
1,小哥人很好，辛苦了～～
1,百度骑士特别准时，态度还特别好！
0,太差了，东西送错还超时。态度也不好
1,还不错，就是买回来面有一点陀
0,炸酱面变成了一整坨…
1,红红火火恍恍惚惚何厚铧
0,菜的质量太差了，像是剩菜！
0,味道奇怪…真的不好吃…扔了
1,"粥跟卷饼都很好,配送也超快,我就想说一点不许就是,真尼玛辣"
0,"米饭没给我,是不是该把钱退给我？"
1,味道很好，还会光顾
0,"走路十分钟就到，结果我疯了一个半小时才送到,，,饼还不熟"
1,送餐小哥十分热情，服务超赞，一定要表扬这个送餐小哥
0,太low了，感觉全部都是剩菜剩饭，这质量也有资格上百度外卖？？？
0,菜量太少，味道还可以
1,火烧夹肉好咸啊！没法吃。其他还行
0,菜品不错！送餐大叔好凶啊！
0,昨天忘了送鸡蛋，今天提醒了还是忘了
1,送的有点慢，其他都挺好
0,饭菜味道不错，可能是比较忙吧，送过来较晚，另外就是保温有点差，菜不太热。
1,百度送餐太快了，店家准备菜品也是速度。小炒藕片每次必点，还有干锅花菜。炸馒头片很香。宫保鸡丁太甜了，总体感觉非常好
0,"发票又没给,不知道是派送员的问题还是店家的问题,已经投诉,希望百度公司加强管理,然后最让我震惊的是纯净水瓶已经被开了,你TM在逗我么？"
1,盖饭的味道一般
0,干炒牛河里一块牛肉都没有
0,冬阴功汤大份小份量是一样的，打电话给老板，老板说大份里面是四只虾，小份是两只。有人喝汤是为了吃虾的？总之谁买大份谁煞笔
1,"下单,你们弄重了害得我买了2份"
0,送餐的人很好，但是为什么满五十送鸡条就没有，给这个店差评，极差评，百度的配送绝对好评
0,速度有待提高，一个多小时呀
1,好吃，就是能准时送就好了，早点就早点吧
0,"太慢了,说好45分钟,结果一个多小时"
0,汤味道还好，套餐不怎么让人满意
1,速度快好多！
0,送得很快，可是凉皮没有调料包
1,很好～不错
0,严重超时不说，饭菜都凉了。差评
0,你妹啊，送过来的米饭馊了！！！我吃一口吐了，赚钱也没必要这样吧？我勒个去！
0,我要的金牌香肠炒饭，送过来黑呼呼的一饭盒东西是几个意思！！
0,粥尚可，饼一般
0,送餐师傅也不容易可以体谅，不过这咖啡撒的也是可以的，白色的星巴克纸杯几乎都撒成咖啡色了，其他师傅送也没有出现这么严重的撒漏，只能是希望师傅以后路上小心一些，毕竟买的就是质量
1,特别好。味道也好，送餐很快。
1,就是送餐很难，着急的童鞋慎重
0,送餐速度不是一般的慢，而且店家的电话永远打不通，也没法确认送达的具体时间。不会在订了
0,糖醋里脊做成了番茄里脊，呵呵
0,送餐当天下雨、4点订餐、要求起点送到、最后居然9点才到、中间打电话是送餐员出了事故、但是没有新的派送员送餐、也没有人和我们联系！！
1,味道没的说，好吃！！！
0,第一次下单付款不接单说无法送达，第二下单又能送了，这接单还要看商家心情？不过吃的还是一如既往的好
1,味道还行，量不大够。
0,难吃，不健康
1,口味还不错，猪肉的稍稍有些甜了，快递速度超快
0,太慢了，等了接近80分钟，都凉了
0,"是要放假了吗？吃了很多次这次最糟糕,送货慢,派软塌塌直接没法吃,丢掉了。披萨皮全是汤泡软了,没食欲。老板这样可掉粉了"
0,等了140分钟才到…卷饼也不知是凉了还是别的原因，味道很差
0,等了两个半小时，也是日了狗了
1,第二次下单，很不错。
0,太慢了，打电话催单手机还关机，两个小时才送来
0,"希望菜是新鲜的，近期的,清炒油菜，油菜就不如之前。而且有次居然用白菜代替了,都是菜帮子。"
0,我只想说不认识道送什么外卖建议大家不知道楼号别定了他得给你打好几个电话烦都烦死了
1,"包装好高大上,好吃"
0,5块钱藕片4片老板说分薄后来决定的，第一次听过
1,够爽，好吃，一个人吃有点多
0,两个小时才送到！告诉以为单子错了！错了不会问啊！错了钱已经付了啊！错了催单你们还说在路上了！店里的客服跟傻子似的，问什么都不知道！送到所有东西都是凉的！味道也非常差！皮蛋瘦肉粥居然没放盐！
0,"说好的肘子,结果是肥肉块儿"
0,现在每次都不是准时送达
0,别的暂不说，打了四五个电话，9点多定的餐2点了早已经上班了才到手里，你可以早点说送不到啊，送到当时真想不要这份饭，都不容易，想想没必要而已，欠一个解释，我想这也是最后一次订了。希望你们也要注意，类似的错误不容发生。
0,点的大酱汤，送来时汤洒了半袋子，已退
1,速度很快，32个赞，服务很好
0,还算不错吧，一般般
1,挺好的！包装高大上！
0,饭是馊的还卖，什么鬼
0,差评！辣白菜五花肉石锅拌饭超级难吃！五花肉又硬又难吃，感觉不新鲜。以后再也不会吃这家店了
0,太慢了太慢了太慢了……
0,"等了一个半小时,菜都是凉的！"
0,肥肉太多吃的时候还把嘴唇拿破了
0,炒合菜就是炒豆皮韭菜加豆芽，没粉丝什么事儿啊
0,太难吃了！头一次吃这么难吃的炸鸡，以后不会再买了
0,送餐速度有点慢
0,肉越来越少了，说是纯瘦，其实也有肥肉
1,味道不错，下次再订。
1,很不错的卷饼
0,"皮蛋排骨,送成皮蛋瘦肉"
0,两个小时后送来的，鱼早冷了，简直腥哭
0,提前了半小时。。也太早了。。真是醉了。。
0,食物盒太髒
0,"速度很慢,菜品一般,蛏子走的有点味道"
1,鸡汤咸死，无法入囗！
1,送餐员超快～一直吃这家
0,好难吃啊，鸡块的油味道好大，面坨了，很难吃，就把煎蛋吃了，其他都扔了
0,"凉了些,味道一般,没在店里的好吃"
1,"分量很大。对于食量小的妹纸是可以俩人吃一份的…。味道也不错,送的又快。非常赞！"
0,鱼送来凉了，有腥味，份量还少，没得吃
0,"羊汤也太次了,哪有放油菜的,服了"
0,"味道一般,送餐也太慢了……"
0,等了90分钟，也是醉了，这个速度无语啊。
0,绝对超过一小时，送餐垃圾，再好吃也白搭。
0,"卡着点儿送,路线上都把中国地图画出来了，咖啡凉了,还洒了出来,！送到了什么习惯？眼睛一直往屋里瞄来瞄去！百度外卖再见！"
0,这次虾饺里面居然全是淀粉都没有虾！
1,服务态度好，速度快，值得表扬
0,皮蛋瘦肉粥和南瓜粥也太难喝了，尤其是皮蛋瘦肉粥，很腥气，卷饼的饼是烫面的，不是图片中的烙饼，里面的菜味道还可以，但总体有待提高，希望商户继续努力，尤其是粥，熬的真的让我没法凑合。。。
1,速度真快，20分钟就到了，而且味道不错呢
1,非常好吃，味道也很香，推荐！
0,与图片相差大，注明不要辣还做那么辣！
0,撒的到处是。摩卡只有半杯了。
0,要的番茄味送的其他口味，真是吃的不开心！
0,味道一般，而且少到可怜。
1,口感好的很，速度快！
1,我以为我要等到饿死。结果我又活过来了
1,店家给力，骑士哥们也给力，辛苦了谢谢，，下次还点。
1,天气不好，师傅辛苦了
0,退了，呵呵
1,撑死我了。就是土豆肉丝没见到肉啊。
0,翻得一塌糊涂，备注要的东西一样都没给
0,排骨也就六七块，牛肉羹看不见牛肉，搞活动可以吃吃，因为便宜，不搞活动还是算了吧！还不如吃个盖饭
0,面有点夹生
0,不送餐到手，非让自己取
1,菜有点少，饼有点干
0,将近两个小时才送到，差评
1,东西很不错，就是没有开发票，说是改天再给开。
0,饼一般，肉还行，辣白菜也一般
0,"难吃死了,特别难吃"
1,师傅送货很快，宫保鸡丁和川式腊味拼味道不错
1,味道和包装都不错
1,还不错，挺好吃的，下次再尝试下煎饼
0,送餐极慢！
0,太TM难吃了！一个多小时不送，还跟我说早送了，问我地址是不写错了，SB！
0,"特意备注写了不吃辣,。送来一层红油,看来还特意加了辣"
0,他家还是卷饼好吃...蔬菜拌饭太难吃了....本来想吃点清淡的，打开一看一层洋葱混着卷饼里的酱....下面依稀有些土豆丝豆芽抽吧的蘑菇片.....真的很难吃啊....不过卷饼是真的好吃，下次还是点卷饼好了....
0,身为东北人真是第一次吃到这么难吃的东北菜啊！得莫利炖鱼里的白菜有一股羊肉膻味，不知道是咋回事，挨着鱼头的地方还带着血，恶心死了，而且鱼头去掉鱼鳃的地方是黑的。压锅排骨油豆角还可以，但是排骨是真心就吃到一块，偶尔有几块大梁骨，味道倒是还可以，中规中矩的。
0,汤都洒得差不多了，泡菜汤实在不咋滴，被当家的一顿骂
1,太慢啦！80多分钟才送到！
0,"太恶心了，,什么也没有,全是汤"
1,好吃，送货员很好，就是太大了，切开就好了
0,一般般。。。
0,饮料没拿吸管，还洒了，薯条和洋葱圈也没拿番茄酱，很不开心！！
0,送餐不准时
0,味道不咋样
0,鸡腿真的不如全素套餐好吃，不是想象的那种炸鸡腿，感觉山寨，强烈希望20元套餐回来！！
0,我催单催到现在。然后东西是到了。豆腐脑是洒的。袋子里全是豆腐脑。所以泡在油条和煎饼上。这是让我怎么吃。整个袋子里是煎饼油条和包装袋配着豆腐脑的汤。以往你们不是这样的。这次让我很失望
0,很差，饭一股臭味，送餐慢，感觉是剩的
1,送餐有点慢，但是味道不错。
0,"都什么啊,这么难吃吃,醉了"
0,一个半小时后到
1,味道还可以，就是时间长点，挣钱都不容易，给满分吧
1,快递员很辛苦！给个
1,"师傅辛苦了，谢谢,下雪注意安全"
0,难吃，太尼玛难吃，不是正宗的
1,口味还可以，肥牛入味还行
0,味道还行，拌饭的菜量太少啦
0,性价比太低，而且味道一般
0,一包番茄酱都没有
0,"3个小时送到的,呵呵,送餐员脸皮够厚"
0,肉不新鲜！跟网评差远了
1,送餐准时，服务到位，非常好。
1,送餐速度快。。。卷饼分量足。。。味道不错。。。还会再次光临。。。哈哈
0,实惠、好吃！好慢啊……
0,135分钟才送到，让我能说什么呢？
0,星巴克永远洒半杯，下次收半价行嘛？
1,量不大，不过挺好的，这么便宜哪找去。
1,"很好,速度快"
0,"挺好吃的,就是太慢太慢了！！(*>.<*),两个半小时！"
0,"饭真的很一般,米饭质量不行"
0,卷饼里一个钢丝，希望卖家能注意，生意好了，要更细心才是
0,早上十点多定的，下午一点多才给送到，太慢了，饼还一般
1,服务真是没话说！小伙子继续加油！
0,为什么最近我总是下完单就退款，说我优惠金额已用，明明是今天第一次下单
0,送餐员太无语了，晚了45分钟，45分钟啊！！！而且还是10:30前下的单，这是什么速度啊？拿到的餐里面的手套全被饼汁浸了，根本用不了
0,饼都泡的都裂开馅儿全部出来了，两个半小时才送到，
0,不好吃，冷面很硬，饭特别少
0,鸡腿饭一般，和想象中差距挺大，不是很推荐
0,一个半小时才送到，唉，都凉了，心也凉了
0,大酱汤什么玩意啊，特别少不说，里面都没有东西，一共就三块豆腐，千万别点了
0,点了西红柿鸡蛋加卤蛋香肠，结果只送来了西红柿鸡蛋饭
0,口味还行，菜和米饭太少，送来的时候都是凉的
0,这是我最差的一次送餐体验了。一杯可乐撒掉了五分之一，豆腐脑也从碗里溢出来了。送餐小哥是跟谁越野飙车过来的吗？同时也想问问商家，你外卖可乐那么贵就不能用听装的吗？非要装个塑料一次性杯+塑料袋，既不环保又影响卖相！
1,土豆丝好吃土豆丝好吃
1,老板不错，焖面没有了，换了贵点的牛肉热干面，也没有另收钱，味道不错
1,味道不错，肉还挺多的
0,这送外卖的小哥是在梦游么？每次要么我下去了等了半天也看不到人，要么就是和别人聊天去了。你要到了再给我打电话好么，别每次让我等你！！！！
1,服务很好，下次还会订购
1,好吃，好吃，江山城的烤鸭真是挺好吃的
0,晚到一小时
0,肉，豆腐，蔬菜都不新鲜、味道差极，关门少骗人吧
0,纯素拌饭真心难吃
0,等的时间有点久，味道很一般。
0,"实在是。,太慢了"
0,"就是米饭太少,没啥缺点"
0,包装很好，味道实在一般，卷饼皮很厚，肘子全是肥肉，带皮的部分还有毛，感觉有点不卫生。
0,迟到20分钟
0,一个半小时送到，评价的时候显示的时间比实际送达时间提前了50分钟！糊弄事儿呢？
1,整体口味偏淡
0,"玉林草泥马,大骗子"
0,慢！慢的要死！差点饿死我！
0,只吃了一口就扔了，肉有一股子臭味儿，一次管够，最垃圾的一次体验！
1,"不错,包装也很好"
0,没有以前好吃了，只剩干净卫生
0,今天外卖的速度真是大失所望！
1,非常好，速度快，态度好
0,这顿饭吃的很纠结，浪费了我的5元优惠卷！
1,妈的连着两天没有筷子！！！百度外卖你们搞毛线！！！7，8个人的面。你让我们用手抓！？？？？？？？
1,很好！师傅辛苦了！
1,吃不了羊肉要了十个烤尖椒很好吃
0,"等了两个小时,你们随意感受一下"
0,再也不会点了，送了2个小时，有这时间点别家的都吃完半天了。不要点啊不要点！！除非中午点了当晚饭！！
1,速度很快，百度骑士人也特别好！
0,12点半收到
0,韭菜没熟，牛肉不新鲜扔了，送餐挺快。
0,"这个我必须好好说说了,等了好久卷饼送到了，我习惯性的给了现金,送餐的男子一把扯下来包装袋子上的小票就走了，我回房间想起了已经支付宝付过了，赶紧出去在电梯口要回来了，我说为什么单子不给我，他说都不给的，我一看小票上写的清楚,已付，估计是怕我想起来付过钱的急急忙忙就走了。这次回来打开包装一看，少了份粥,只好打电话，态度不错的说补送，大概过了二十多分钟送来了，快凉了。,下面说味道，肘子味道可以，但是一点都不烂所以又大块硬硬的肥肉，觉得有些腻。带皮的肉我全都扔出来了，因为有毛。,这个价格确实也不能期望太高，不过不会点第二次了。这顿饭吃的太闹心。"
1,包装很好，纸袋洋气
0,要是能再快一点就更好啦，榨菜肉丝面味道不错
0,"1.百度外卖快递小哥是OK的！,2.麻辣烫是大大缩水的，点了一份鹌鹑蛋，3元只有一个！只有一个！只有一个！重要的话说三遍，我擦，三元一个鹌鹑蛋！,3.强烈推荐别点这家的外卖了！！！"
0,没送筷子，没有餐巾纸。。。。
0,单子打错了，少送了。
1,非常实惠，不错！
1,味道很好，服务很快，值得拥有
1,"在这种天气里感谢送餐员的辛苦服务,谢谢啦"
1,非常好，越来越好
0,"点啥啥没有,退单无数次"
1,金枪鱼没有那么多～味道还成吧
0,价格不便宜，外卖包装太简陋，饭的量也非常少。
0,土豆肉丝并没有看到肉丝。。。
0,"基本都是肥肉，大概5~6片。有点咸，卤蛋就是乡巴佬袋装的，开始还以为是他们自己做的。,总体来说,很一般"
1,包装很好，味道也还可以，就是名字太俗
0,备注了快点送赶时间还送了近两个小时
0,还行，配菜改成包菜了，差评！！！
0,未按照约定时间送达
1,眉州东坡的菜名不虚传！好吃！
0,实在不应该叫外卖的，送错地址后，再等他送过来，面都已经不能吃了。真后悔！！！外送员也不容易，算了。以后再也不定了。
0,鸡蛋沙拉没有沙拉，脆皮香蕉有点油。快递员忘记拿发票了，不高兴。
0,"真是奇葩宇宙卷饼外送服务。说下这家的感受，一共点过三次此家的外卖。第一次点，早上十点半不到下单，下午两点硬是没吃上饭，期间催单无数次，打电话要么不通要么通了就说送餐员一直在路上马上送到，愣是被忽悠一大中午，无语。无奈只好把当天体验在评价里留言给予差评，结果晚上下班接到店家的电话，各种不容易，服务没做好等等道歉，OK咱们也不是蛮不讲理之人，创业做生意谁都不容易，也许当天真是店里忙不过来，你让我把差评删除没问题，也希望能有所改进。第二次点餐服务还是不错的，送餐只用了50分钟而且产品的包装和配送人员都不错.,第三次点餐，也就是今天，早上10:09下单，送餐员中午1:08拿着餐急急火火的进门，一句道歉的话没说，我问了句“你家怎么送餐这么慢，都三个小时了”，送餐小哥一脸不愿意的说中午就是这么忙，那还要不要？遂忿忿离去。我去真牛，感情你送餐晚，送不到怪我喽？送的慢你不知道提前电话沟通下吗，不打电话问你们，就装着没事人一样。得了，对这家也不抱什么希望了，宇宙卷饼就是这么霸气！"
0,"配送太差了,十点半定的,一点钟才送到,态度也很差"
0,送过来我一看傻眼了，太次了，下次不要这家的了，整个糊弄人呢。
0,粥还不错，饼太油，都散了
1,找到了吃驴肉火烧的感觉
1,很不错，菜品物美价廉～～～
1,非常好非常好非常好～
1,味道很好吃，配送也很及时，服务态度很好
0,就是不能饭点订
0,"感觉里面的蛋糕,不是好蛋糕,不嫩。"
1,量小，建议饭量大的吃3份卷饼，味道还是很赞的
0,快递大哥还是很好的，速度挺快的，至于米线嘛，提起来都是眼泪，不仅份量少，一点也不好吃，还不如煮点方便面呢
0,请卖家看备注啊…已经第二次给我做岔了。多等一个小时会饿死人。
0,比萨做的不怎么样，但送餐速度和服务还是非常好的。
1,小哥态度特别好。东西也不错
0,定的饭，餐具全是叉子。也没有纸巾。越来越失望。
1,送餐速度快，服务热情，大拌菜不错，整体好评
1,很热情速度快…哎哟不错哦
0,慢到死，完了半个多小时，连打电话说一声都没有
0,反正等了两小时
1,味道不错，可惜量偏少
1,太实惠了，吃到撑啊！
0,还行吧，划算
1,送餐早一点就好了。
1,速度太快啦，很好吃
0,永远不会光顾这家，点了一份炖牛肉，牛肉的味道真是难以下咽，膻气和臭味混合，恶心死了，炖牛肉里有土豆、尖椒，胡萝卜，完全炒牛肉的样子，跟炖牛肉差十万八千里，恶心完全不会再来，点餐的朋友们小心了
0,肉有点少，别的都挺好
0,味道还不错，但是送餐太慢了，等了整整两个小时！
0,答应下午来给我送发票，人呢
0,鸡蛋呢？为什么没有鸡蛋
1,"很好,送餐员也很好"
0,小哥挺逗，说百度开了外卖他们就特忙。
0,太少，点的中分比上次的小份还小
0,包装很精美，卷饼味道很棒！我喜欢！
1,蔬菜色拉新鲜，配菜颜色不错，就是米饭不太好吃
0,说实话味道实在是不敢恭维，下次不会再吃了！
0,，，，，送餐员傻缺。饭呢里面有异物，在点西红柿鸡蛋之前我就有顾虑，点了以后里面确实是有吃剩的硬物肉渣。
1,送餐速度极快，师傅态度非常好，辛苦啦！菜的味道也非常棒，红豆薏米粥非常好喝
0,没有另一家的好吃，送的太慢了
0,我确实是忘记选择配送时间了，你们商家从来不看买家的备注么，也真是醉了，这就是直接吃片汤了，服气了
1,很好吃哦。不错
1,味道不错，价格便宜，量又足
1,中分太少啦，吃不饱，女生也有好饭量
0,等了2个半小时这也就罢了，想取消订单的时候商家竟然还关机。派送的大叔冒雨送来我也是觉得很辛苦，据说派送大叔不是商家自己的人，我看他的app上显示13:24接到商家发出的我的单子，可是，我11点19下单的啊！如果以上我说的这些都不叫事的话，那我收到的鸡腿肉卷里为什么是猪肉的？呵呵嗒，订餐受99点打击，再也不来了
1,味道很好，送餐速度也靠谱！
0,"实话菜色真心一般,丽华好几十年的老牌子了,价格很亲民,包装很讲究~干净卫生。希望以后能提高下饭菜质量！"
0,"太慢了,太辣了,小炒肉"
0,我也是服了，最近点一品三笑跟和合谷各种缺东西。算上这次已经少我四包千岛酱了，四包！！干吃蔬菜你叫我怎么吃！还有和合谷千万不要点汤不要点汤不要点汤！！！因为会给你个干汤包让你自个儿冲！(#‵′)靠～关东煮是什么鬼？难吃不说汤还撒了一袋子，建议只点饭就好了，总不会忘记放菜吧！
1,味道不错，送餐时间一个多小时
0,"好吃,送的超慢"
0,最崩溃的是时间，近两小时才到，伤不起，味道不难吃，牛肉吃出京酱肉丝的感觉，量中等
1,送餐小哥很敬业
1,鸡腿肉卷饼肉很足，但有点干
0,一个小时都八点半了才送过来
0,第二次点，送餐员晚了15分钟，菜量大，味道还好，只是这次青花土豆丝里吃出个钢丝球丝，很郁闷。
0,以前很喜欢吃，现在送来的是什么鬼？咖喱鸡肉烩面，为什么没有咖喱？？？
0,不好吃，速度还慢
0,太慢了一个半小时才到把孩子饿坏了，红烧肉量也特别少，盒菜也不好吃，丸子孩子还吃点
0,花生不是很香。包菜炒糊了。味道还好
0,送餐时间有点长，但是外送态度很好，知道晚了还先给我打了电话，菜品好吃，也是热的
0,全撒了，一点也不注意配送，什么啊，应该退钱
1,"很好吃,很香,包装也不错的"
1,不错，很满意
0,"送错单了！！！！态度特别横！！！特别差！！！！我特意确认收货,给差评！！！态度太恶劣了！！！说一会儿再给送,问还得等多长时间,他说那不知道,我们说那就不要了,他还说送都送来了,意思是必须要,态度特别特别差,就跟我们做错事一样,没见过这么牛逼的送餐的！！！以后再也不会定了！！！"
0,预定是12:30送到，将近一点才送到也就算了吧，外送员的态度还很差，闺蜜脾气不好差点跟他吵了起来。外送差也就算了吧，点的是海鲜焗饭却送来了海鲜面，我也是醉了，大厨是不识字还是怎么的，弄错不是一次两次了。去年还没有这么差劲的服务，彻底失望了
0,不知道是因为有点凉了还是用料不好，总之太难吃了！吃了一口快恶心吐了
0,时间长，我加的一份米还没有送
1,"很好吃,送餐速度快,下次再来"
0,葱太多了，没香味
0,"1：菜品打包后明显比店里吃差好多,2：汤在送达时撒了一半,3：送餐员态度非常不好，首先迟到了没有道歉的意思，菜送少了也觉得很理所应当，我们说少送的要不回去拿，要不减钱，结果人家送餐员同志说没好气的让我们都退了，大哥我们目的是吃饭好么，送晚送少都是你的问题，不但不道歉还要让我们都退了，饿死我们吗？这样的送餐员教育一下吧，不然会得罪很多顾客的。,总之，本次很不满意。"
0,菜汤全洒了出来，全是油
0,吸取教训披萨还是买出名点的
0,东西呢？没收到怎么就完成了
0,十一点下单，一点才送到，菜量超级少，味道还好。
1,肥肠粉味道不错，就是分量有点少
0,送的慢，态度差
0,为什么肉皮上的毛毛没有弄掉？是不是只要挣钱管他死活？虽然吃不死人，但是看着很恶心的。
1,很好吃，经常订
0,虽说送餐的是新来的，但是2个小时才送来也是醉了……
1,我订的鸡丝面没给送筷子
0,要的大瓶雪碧没有送
1,土豆不错，肉丝太少
0,点的星冰乐，来了变成星水乐了，在差几分钟超时赔付时才送到，这次真的太慢了
0,电话没人接，至少迟送了4个小时，以后再也不会买了！幸亏不特别饿，要不会饿死！！！
1,很好吃，也很快，非常不错，要是酱香鸡腿卷中的蔬菜可以多点就更好了！
0,在这家订过三次，一次凑合，第二次没给送饮料后来补的，第三次我上午十点多订的下午两点多给我送到的，之间催单无答复，打电话催无人接，最后退单说五六分钟就到这单免，半天也没给我取消订单，到了连句抱歉都没有，百度外卖也没有直接退单还得联系商家，我要确认了觉得自己的权益都没法保护！以后不会再订这家了！我会想办法取消订单的
1,孜然羊肉超赞！花卷超赞！
0,非常差的速度，等了足足2个多小时，还总骗人说快到了，十分钟等等。还不如改定别家。千万别上当了。
1,"有点慢了,希望下次加快"
1,"很好，速度很快,味道也不错"
0,套餐里没有给彩豆……
0,今天米饭夹生.
1,很好吃！很满意！
0,受不了了，17点32下的单，19点15送到，饿晕了，再也不会买了
0,烧二冬的冬笋没泡开根本咬不动
0,定的餐撒的哪里都是汤和油，看的都没食欲了，不知道从哪打开好，处理油渍用了姐半卷纸，我也是醉了。
0,根本不送，还要打车费写的跟做的两个样
1,骑士很辛苦，很负责任，送的很及时
0,口味非常不错，但是送餐服务不好！而且包装简单，到了的时候，菜汤撒满地啊。。。。
0,请问您给我一根筷子怎么用啊
0,鱼头感觉米以前多了，虾感觉有点不大新鲜。
1,定很多次啦！菜很好吃！也很及时！
1,奶茶很好喝，快递员也特别好
0,贵！抄手量太少了，就8个小小抄手
0,太难吃了，无法形容！
1,鱼香肉丝的好吃，土豆丝的有点油
0,都送错了，点的两个十元的土豆肉丝饼，结果送来俩八块的青椒土豆饼～送餐的还可屌了，看着就像小混混～
1,送餐速度在快些就好啦！
0,接电话的小妹态度很不好。
0,"太慢,一个半小时"
1,非常美味！！！！
0,比较失望，我点的鸭头都没给送
0,一个卷饼不够，菜和肉很多，可以再额外买个卷饼吗？
1,送货人员服务很好，迅速及时，菜品口味很好
1,挺满意的，可乐特意用胶带封口，没有洒出来很多，豆腐脑和煎饼我觉得味道都不错
0,"4个钟头,大家自己想想吧,这样的店"
0,泡馍咸的发苦
0,非常的不负责任！送餐基本没两个小时压根吃不上！等你快饿死了，饭来了，彻底凉透了……
1,非常满意，送餐员态度很好
1,很不錯，吃過的最好的煎餅
1,猪肉堡里的酱流的哪哪都是，除此以外还算满意，以后不点猪肉堡了
0,羊排饭连餐厅点的一半不到，分量太少了
0,送错了，没有美式，给了个小拿铁....
1,不错，配送人员很负责，时间准时一点就更好了
0,"特别差,少送一个大酱汤,一个小菜,饮料还是洒的！无法给予评价！等再补送过来其他的全凉了！"
1,"最喜欢麻辣烫了,好吃~~~~~"
0,您这一共一双筷子也太凑合了吧
0,卡布奇诺真的不知道怎么评价。根本送来的就不是我订的
0,"两个小时才送到,非常差,不会再定了"
0,"东西实在是太难吃了！从来没吃过这么难吃的久久丫,假的吧！"
1,没有送水没有送水没有送水
0,主要是速度慢得，没法吐槽了
0,老板你家辣椒不要钱吗，全是辣椒，鸡肉被谁吃了，一份38的肉，有六块吗，肉少您整大点快也行啊，肉块小的，埋在花椒里面都找不到，您是让我吃花椒还是吃辣椒
0,少，皮厚，果然只值一块
0,订了两种，结果只送了一种，粥没送，电话一直打不通，打的百度外卖客服，说帮忙解决。过去一周了，没有任何消息。
0,"做的不够精细,凑合吃吃也还好"
0,"时间太长了。,餐到后都要凉了"
0,微辣还是比较辣的，味道不错，我定了一份鸡柳，说是上午没烧烤再换一份鸡柳，可只送来了一份，七块钱的事，卖家太马虎，需改进
1,"快递小哥很赞,这么冷的天辛苦了"
0,"菜的味道很不好,餐具太简陋,导致溢出全是油,而且送餐时间一个半小时也有点太长了"
0,卷饼还是比较好吃的
0,"量太少,味道也一般"
0,饭好难吃啊
0,挺好的，速度很快
1,超级快！奶茶一如既往的美味！
0,差评！！！实在不知道该说什么，事情太复杂，送餐人员一开始就打了一个电话，因为手机静音没有接到，马上就打回去了，结果说已经到别的学校了，好吧，那就等，结果期间又打了三个电话，还是晚了五十分钟送到了，总共等了将近两个小时。送到了也就没什么了，结果取餐的时候，我们还没说什么，送餐人员直接抢白，说因为我一开始没有接电话，他送了一圈饭，最后又回来我们这边。我们都能理解送餐人员的辛苦，可是您态度太不好了吧！说句凶残的话，怪我咯！！总之，任性，就三星！
0,鸡肉的有点淡
0,"味道还可以,不过送餐的时间好长"
0,大差评，米饭是什么啊，是剩了3天的吗，餐饮行业这么坑，真没人性，直接扔了
0,点汤不送米饭，之前在店里吃的时候都是有米饭的，外卖却没有，打电话过去问，服务员态度也极差
0,送餐员下次送披萨的时候能小心一点拿吗……披萨上的菜全彼岸在盒子上了……一打开就一张白面饼……
0,要的番茄酱也没给！真够抠的
0,菜里面发现头发了→_→
1,"系统bug，我把地址修改了，配送员收到的地址还是原来的，幸亏黄太吉送餐小哥辛苦又给送过来，赞一个！,餐很不错，豆腐脑很好吃！"
1,好吃，喜欢
0,就吃这一次吧，不过送餐员很好。
0,明明备注了把茄子肉末面改成茄子肉末饭的，但送过来的还是面，都成一团了，根本没法吃了，其他的还可以
1,非常棒。就是有点少，不够吃。
0,"点的牛肉蔬菜,拿回来一看是京酱肉丝……至少解释一下啊,菜还不错"
1,很快，味道也可以
0,送餐时间不太稳定
0,味道还可以，就是送的有点早，没在我写的时间送，到家吃都凉了。
0,京酱肉丝给我配的烤鸭饼！
0,送的时间太长，东西都送错了
0,"扬州炒饭没第一次点的好吃,好像没放盐,小馒头很干也没给奶油"
1,饮料好喝，送餐也神速。
0,饺子都凉了还能吃吗，送来太慢了
1,菜肉馄饨和汤分别包装，这一点很赞！
0,送来的很晚，都化了！
0,今天真是见识了，如此好的天气，送餐竟然能用了一个半小时。菜品也一般，皮蛋粥太咸了，鸡肉卷里一堆鸡皮，太令人失望了。
0,什么叫小葱没有了…只给了一包，白醋也是一包，两个人根本不够好么？为何越来越小气？
1,皮蛋粥不如上一次的，有点稀
0,菜老了，鹌鹑蛋是臭的，重点是：我的烧饼呢？！
1,特别好特别好特别好
0,粥里吃出了小苍蝇！！！
0,披萨不是太好吃
1,还不错~~包装袋子特别棒！还送的有一次性拼图~
1,很不错，味道好，送餐服务好～～～
1,辣！很辣！很过瘾的辣！
1,分量有点少，鸡腿肉不好吃，八宝菜原来是咸菜。。。
0,说了不要辣的就是看不见
1,千万不要定粥，坑
0,"味道还行,就是这肉切得太厚啦,太肥啦,第一次吃到这么大得肉"
1,赞一个。很快的
0,大份的就那么一点，然后价格比在别的饭店单点个菜还贵。
0,奉劝订餐的朋友们，如果肚子饿的话一定要提前订餐，否则你会饿的没劲吃的！真的是等了太长时间才等到，中途还打了好几通电话，好在送餐的姐姐态度很好，一直在赔礼道歉，才勉强给2星！不过感到安慰的是正一味的饭真的是好吃，量也足！希望能够想办法提高送餐速度，不要因为这个影响了订餐人的心情，这样吃下去的饭会很不健康的！
0,我的卤鸡蛋呢
0,非常一般，还不给够发票
0,不会再点第三次了！！！
1,1块钱吃个卷还有肉哼哼哈哈
0,差！！！！！！！送餐整整用了三个小时！！！一个办公室定了八份，竟然一份一份送！！没有能力接单就不要接，耽误别人的时间！
1,送货快，味道好！
0,"大哥,吸管没有，番茄酱没有"
1,不错，下次还会再买的
0,"京酱肉丝,居然没有葱丝，真恶心！！！！！！！！,恶心！！！！！"
1,全是肉啊。
1,我连着吃了几天，每次都评语，今天你家已经排列百度热榜第二名了，恭喜恭喜，本来今天本来还会订餐的，我家人过生日，以后还会来品尝你家美食的，赞
1,挺不错的，加油吧，我
0,面条就几根、即使小份也不会那么少吧、出餐还那么慢
0,买了20块够起送价的东西，结果打电话过来说，到我这位置20送不了，得35，又临时坐地起价让我加东西，没办法就加了，东西送到了，汤一看就知道加了好多水，沙拉有股味道，炸鸡还可以。
0,很快，但是不如原来好吃了。
0,不是一般的差
1,太麻了，青笋有点小，米饭给的也不多，土豆片都碎了，找不到了
0,百度配送快，正一味的拌饭是馊的，剩饭你们自己都不吃的居然还敢卖？！
0,史上最慢最差的外卖。等了两个小时，不能再差
0,整整一个小时，快递员都在赶往餐厅。
0,一个半小时才到。订外卖是为了节省时间。不过为了等外卖吃饭把时间安排完全打乱了，饭菜量远比去店里面吃少，
1,大冷天的百度骑士真是辛苦了～
0,送餐人员素质太差劲，上来一顿吵吵，态度恶劣。下次绝不再订。
0,送到的时间很晚，影响了正常工作时间
1,天这么冷还能准时送到，非常感谢，一百个赞
1,超快送餐！
0,里面有泥块，整个都没法吃了……
0,米饭很硬很硬！菜比较油，菜量小，米饭多。
0,要求不放辣，土豆丝还是放了很多辣椒
1,隔三差五儿的就点两杯味道不错！送餐员辛苦啦！
0,很难吃！！！
1,买了两份馅饼只给了一份，也没解释为啥也没退钱
0,太慢，太小，吃不饱。味道还行
1,包装很好，味道也不错，如果再有点菜叶就更好了，都是肉吃到最后有点腻
0,调味料的味道太浓了，不是很喜欢
0,太慢，而且不好吃，只是辛苦外卖小哥了
1,太惊喜了，刚订上就送来了，而且感觉比以前好吃了，包装盒也从圆的变成了方的，非常棒
0,气死人了！接单多忙不多我们也能理解！打了三个电话问送了么，都说马上就送，最后都说了要是超过12点就取消订单了，也不给取消订单！什么意思啊！
0,很久未送达，主动联系外卖员，发现其送错地址。订单却显示已经送达。很不满意！
0,服务态度太差了，找不到地方还骂人，挂我电话。建议换一个靠谱点的小哥
0,送餐慢，味道一般，一点都不值20块，牛肉的根本没出来肉啊
0,包装比这个好的别家的都没收费，就这种包装竟然还要收餐盒费。。。微辣的味道刚刚好，就是鸡肉没入味儿。
1,很快送到，态度也很好。全五星。
1,鱼香肉丝盖饭很好吃～～～～
0,非常慢，非常难吃
0,口味一般。。。。
0,"谢谢送餐员,石锅拌饭,原来是拌好的,从来没吃过拌好的石锅呢,套餐就送了一个酱花生,和可乐,不太好吃"
0,卷还不错，但粥就太一般了，皮蛋粥感觉就是早就煮好的稀粥里临时加了几块皮蛋。
0,超过90分钟餐才送到，太慢了，催了多次，说门店联系我，也不联系。万幸，饭菜还是热的，还可以。
0,长豆角注明不要辣，还是有辣。其他的还行
0,包子都不想说啥了
0,态度非常好，送晚了主动送了两瓶王老吉
0,一个半小时送到，粉都砣在一起了，很无语
1,吃起来还不错
1,东西还不错，但是送餐速度太慢了，不能按时送达，第二单两个多小时了，还没有到，这速度真是醉了
1,"百度外卖，赞。,菜不错就是请注意包装。"
0,一般。名不副实。不会再订了。
0,送餐速度太慢了，比蜗牛还慢。没有皮蛋瘦肉粥给我换了一个可乐，还没给我补差价
0,电话根本打不通只能死等。。。。
0,不给发票，差评
0,"我希望下次再送的时候,把饭拿稳了,我打开的时候都散了"
0,我要的三个三明治就给两个？坑爹呢？还12一个
1,送餐员辛苦，奶茶好喝…
0,唉，等了好久
1,连着几天吃不腻，赞店家的诚信经营理念，分量还是足足的，味道还是那个味儿，这次的骑士哥赞一下，还是住附近的，很高兴选择了这家美食，订餐那么多天，从没有超过三次的，吃得满意，吃得放心
0,送的超级慢而且巨难吃！
0,涨价拉不吃拉
1,"不知道为啥连袋子都没有，端的我一手油，牛肉的味道可以就是师傅的刀功能再好点么,大的太大小的太小。白菜太油了,建议青菜少放点油，有汤都可以"
1,"送餐太快了吧,飞一样的速度,给送餐员点个赞"
0,不新鲜！藕片放很久了难吃的不得了，不好！
1,好吃～～～还不贵～～～还比预计的时间早～～～
0,不电话告诉你们不放辣了么？怎么还放？
0,还行吧，我联系菜品多几种
0,给送的菜都不全，我要两份给送一份，您家倒是挺省呀？
1,喜欢宇宙卷饼，送餐也很快，就是凉了没有那么好吃了
1,送餐员辛苦！奶茶味道不错！
0,不好吃，等了快一个半小时，饭都不热了，难吃！明明走着送也就十分钟的路程，却这么久！
0,店家把水煮肉改良成水煮肥肉了！太恶心了！定了三碗米饭，洒了半盒，有一盒泡在洒了的菜汤里！无语了，店家干的漂亮！加油！
1,包装好，味道好，很满意。
0,蛋糕好难吃咖啡，咖啡还是卡布好吧
0,"我昨天中午11:34下的订单，下午一点还没到不说，只要打电话,就说就在附近，到了两点，餐点还没到，我说取消，一直取消到今天！我根本都没收到餐点,怎么订单就结束了？口口声声说给我取消,今天一看，嘿，订单结束了？！"
0,不好喝，超级不好喝
1,师傅很耐心！等了我好久！~\(≧▽≦)/~
0,味道什么的还不错，不过比预定的时间完了1个半小时左右吧，饿的有点胃疼……
0,没送到擅自点击送餐完成，近几次定餐配送都在一个半小时左右。
0,还可以吧，挺实惠的价格。。。
1,送达时间是下午一点
0,真心太慢了～～～～
0,我的电话打不通，不知道为什么
1,还不错、不过还是喜欢可口可乐
0,"送餐很好,吃的一般"
0,菜品有点凉，味道还可以
0,菜品很一般，理念好，产品没搞好！
0,配送慢，煎饼豆浆套餐没有豆浆
0,味道差点意思，汤还撒了点，不过送餐小哥还是辛苦了
0,"花了两个半小时送来……卷饼都凉了，真是无语,没见过更差的外卖"
0,"我要的热豆浆到了都凉了,想让我拉肚子吗？"
0,吃坏肚子了，酱肉卷饼。拉了夜里肚子被疼醒，有严重的呕吐敢，这种半成品再加热的食物，天气热真是好危险，不敢再点了
0,慢的要死，呵呵，两个小时送来还凉了，不能送就别接单。
0,送的饮料没有，说是下次补送，呵呵，谁知道你送不送
1,非常快，味道好
0,牛肉根本摇不动，辣白菜五花肉就2片肉再也不会吃了。
0,请关注送餐时间
1,服务态度不错，骑手辛苦啦~
1,"非常好,下次还来订"
0,"差评！必须差评！,送餐时间完全按照他们自己的方便来，根本不参考预约时间。送餐员还理直气壮。如果这样这个软件的送餐预约时间功能还是去掉吧，反正人家送餐的也不看。"
0,饭店送餐慢，味道还可以。
1,喜欢他家的土豆肉丝卷，口感偏硬，适合我的好牙口！尖椒土豆丝太油了
0,菜少了些，其他的还行吧
0,肉卷很咸，送餐很慢
0,第一次点，感觉很不好！以为不会有什么问题，送餐员送完马上就走了，也没有清点菜品。另加了一份花生米和一份白米线。可是送来时只有一碗汤和一袋白米线，不知道另点的白米线是不是装在了一起，感觉不像，因为实在是太少了，就像一份的量。碗里没有花生米，也没有另装一袋。碗里倒有云腿1片，不知道是我花两块钱点的还是原来就应该有的。虽然就几块钱的事情，但是感觉商家不细致，不诚信。
1,很好吃呀！海带丝再更入味些就完美了！
0,买的汉堡买错了！
1,菜品味道好，师傅送货快
1,赶上雨最大的时候，外卖小哥很不容易
1,"早有耳闻,,结果配送太晚了真是黄太急了，味道还是不错的"
0,备注了11：30送到，又提前半个多小时就送来了
0,饺子真心不怎么样……
1,比预计早了半小时到达好评！
1,很好吃！很快！非常感谢！
1,微辣，还不错
1,卷饼很实在，京酱肉丝都是瘦肉。南瓜粥一般。
0,送餐太慢，每次都超时
0,"送餐太慢了,等了一个半小时"
1,不是很慢，下雨天还很快
0,鸡蛋都坏了，凉菜也洒了
0,饭菜质量一般般，可选的饮料种类也少
0,他家太有意思了，一共要了一个卷饼，2个豆浆，送到发现少了杯豆浆，找客服解决，最后让下次订单备注一下，会多送1杯豆浆，吃个外卖还带预付款的，新鲜了～
0,"真不错,点了86元的吃的,还送了只香酥鸡"
1,"灰常好～,经常点～"
0,太慢了，今天一个半小时才送到、快饿死了
1,"挺好吃的,和在饭店吃一样"
0,我从11点半订餐，你妈的下午一点四十才送到！！等了俩小时！！再你妈也不定了！！
0,下午都开始上班了，才送到手里，你说我吃还是不吃？！
0,"菜量极少，只有正常菜量1/3,只见白菜了，就一点点肉，还都是肥肉，极差!"
0,菜里吃到了清洁球！！！！！！！！
0,慢到堪比蜗牛！
0,感觉没有原来好吃了，是不是换人了！
0,不如上次，没味道，不如店里
0,味道不好，饮料很难喝
1,"划算,优惠过的价格才对得起煎饼果子,味道也还行"
0,实在不合口味，没吃几口就扔了
0,坦白说，饭菜挺好吃的。但是送餐太慢了，快2个小时才送到，送餐员也不容易。希望能多些送餐员配送。因为送餐时间太长非常影响用户体验！
0,虽然我定的很便宜，但是能不能菜多点，90的米饭，10的菜，我也是醉了。
0,"唉,太慢了"
1,跟在店里吃的一样，而且面、料、菜、汤，都是分开装的，很专业，不错哦~~~当然，要是没有运费就更好啦
1,很棒！下次还来！
1,送餐速度快，好吃
0,哇。。还好是满减买的，原价买的要哭死的了。。。一手的面皮肉好少
0,明明点的猪手却给送的排骨，差的钱谁补？
0,这种口味怎么有信心开店的，不改变就等着倒闭吧
0,请问送到哪里去了？没收到
0,疙瘩汤比学校食堂都差，没这么糊弄的！扁豆面，基本都扔了
1,"送餐特别快,态度好,辛苦啦,谢谢"
1,不错。继续努力。
1,很实在，包装也不错
1,手抓饼很好吃，要免配送费就完美了
1,谢谢百度骑士辛苦的送餐
0,汤汁洒的都没食欲了。
0,差评，太慢！！！
0,打包盒太次了居然还收费，漏了满袋子的油。饭量倒是挺多。
0,优惠结束了。。
0,菜都撒了，米都让菜汤泡了，比预计晚了20分钟，这次特别不满意
0,咖啡洒了半杯，下次小心
1,喜欢吃黄焖鸡，味道棒棒哒
0,菜很好吃，可是等待时间太久了，不到11点下的单，等了两个小时才到。
0,米饭比其他家的少，菜跟你想的可能不一样，铁板肉酱豆腐是甜的，干煸四季豆花椒太多了，不难吃，但要有准备菜的味道不是你想象的。
0,宫保鸡丁没有花生
0,"粥里的肉不新鲜,饼里有沙子,都是菜都没几块肉"
0,到餐时间真心很长，送餐员就说了个路上堵车然后拿钱就走了。。。。。
0,要的红烧肉，送来却是鸡排，早不说，等送到了再告诉你！这是赤裸裸的欺骗啊！
0,卷饼不太喜欢吃，肉是块儿的，肥是肥，瘦是瘦，没有酱料，而且配菜辣椒真是辣死我了。外卖小哥为了不上楼和我墨迹半天，有这功夫都走一趟了
0,凉皮很好吃，但也只有凉皮能吃
1,"送餐员很好,多给钱,还跑回来,给我了,很诚实"
1,送餐很快，大熱天，辛苦配送師傅了
0,餐送来时都是凉的了；味道也和在店里吃的不一样；点的鱿鱼须整份，总共就几根；也没给一次性筷子；外卖的袋子也没有一麻一辣的图案标志，不知道是不是一麻一辣的东西。
0,馅儿还可以但饼不好吃，皮蛋瘦肉粥好吃
1,谢谢送餐员！冒着寒冬送餐
1,还没吃，送了一个小时，速度有点慢
1,漏了这次的评价，真心赞，非常非常棒
0,只有5块肉，越来月不地道了
0,就是太慢了
1,"很好吃,超值"
0,米饭是剩的，热过之后很难吃，真垃圾，这么大的店
0,配送员送来的时候洒了很多
0,点了两份腊八蒜，一份也没有，给换成一袋醋
0,1、太辣。2、有花椒，不喜欢吃。3、粉条用筷子夹容易碎，用勺子又太长了。4、如果送一包醋，味道会好一些。
0,为什么我订的鸡蛋，饮料什么的老是不见了？擦
1,很不错，口味很好，但是送过来的时候只有一个袋子在外面，没有保温措施，粥已经有些凉了。
0,"送餐太慢,冷面简直不能吃,汤太少了,面还是一大坨"
0,我要的素三鲜居然给我拿的是韭菜鸡蛋的，而且我是孕妇是不能吃韭菜的，我也是够无语的
0,还行。就是有点凉了
0,鸡蛋挺多，海带丝好吃，米饭不错。但是，送货时间太长了，两个小时才送到，打客服电话竟然是空号，简直无语。
1,还不错，肥牛有点干。
0,凉皮一点也不秘制好么，还不如街边卖的有味道。肉夹馍已成肉饼，再不会光顾了。。
1,今天第一次吃黄太吉的煎饼，不得不说，黄太吉的煎饼确实很好吃，让人回味无穷，你吃过一次就知道知道我说的了，而且店家很用心，服务很好的，下次还想吃！
0,送餐太慢，米饭还得另加2元
0,"送餐慢了,可乐都快撒一半了"
0,"今天很不好,晚四十分钟了还没送过来,还单方面完成订单,说好的超时打折也没有！,没有！！"
0,送外卖的素质太差！
0,"不想说什么了,给的少得可怜"
1,"骑士人很好细心超快速赞一个,饭还好量大"
1,味道不错，但送了一小时。今天是周日啊～
0,送的太慢，10点40下单，12点42送到，今天再试试，看是不是还这么慢
0,京酱肉丝太甜了…送餐人员态度差，用命令的口吻让我下楼取。
0,差评！等了两个多小时还没有开始送餐，点取消退餐电话一直是忙音，直接给店家打电话居然说没收到订单，那你为什么收我钱？最后查出是系统问题！推卸责任！以后不会再去宏状元了，一点解释和歉意也没有，照单全收！真是垃圾，影响心情
0,等了将近3个小时，都这样送餐的话不知道饿死多少人
0,太low，吃不下去，差评差评，好难吃，
0,品味太差，宫爆鸡丁成鸡块，油都太太！
0,"菜量小,太少"
0,配送能再不准时点么，饭里全是沙子
1,晚上果然送的更快，要是能把我定的两个一起送来就更好了，支持支持！赞！
0,卤蛋竟然是乡巴佬。。
1,配送太牛了最牛的配送师傅我定了30份快递师傅都想办法送来辛苦！商家也送了汤最满意的一次外卖
1,太赞了～宇宙速度～10分钟就送到～
0,披萨味道一般，薯饼还挺喜欢吃的。
1,快递员太给力了！赞一个
0,饭撒了，关东煮撒了。猪排被泡的都没法吃了。送餐小哥砸门一样的敲。亏得哥哥我还说了谢谢。你滴滴答答就把餐给我了。
0,服务态度倒是不错，不过确实送的太慢，从点餐到送达历时三小时
0,米饭少，菜不是很顺口。
1,配送速度很快，服务态度很好
0,要的腊八蒜没有给送
1,非常好速度很快服务态度很好味道超好超赞云吞有点贵汤包便宜又好吃下次还来
0,没以前好吃了
1,送餐师傅超级快，态度也特别好，餐也很好吃
1,快递小哥太给力了，从下单到送到只用了半个小时，牛肉面都没有坨，只是豆干收了1元的打包盒的钱却只是用塑料袋装的，好在百度在线支付活动给力，省了好多钱，也无所谓了
0,送饭晚了20分钟。菜的质量很差
1,鸡肉不好吃，多弄点肘子，不多说
0,冷饮没有吸管！！！！
0,太慢了……等了127分钟
1,好吃，就是送餐慢
0,下完单才发现离自己很近，所以自提的。备注了不吃辣，结果煎饼里还是放辣椒了，这样不好。
1,酱肉酱包蛮小的，不过给了五个，味道很不错，第二次订了~
0,辣得不正。快递催了两次。
0,"不少送餐高峰定的,所以很快,但是很难吃,凉的"
0,一般，速度很慢，慢，慢，无法想象的慢
1,总买，嘎嘎好
0,"要的腊八蒜没给带,说给退了,也不给钱,啥意思吗"
1,味道还好。服务态度真的很好～！
1,非常好，还发了朋友圈推荐给朋友们
1,速度挺快的东西也挺好的给赞~
0,煎饼里的油条都软趴趴的了
1,"不知道黄家是没有薄脆的。。不爱吃，,肉松的不错"
0,"少小菜,少筷子"
0,外送的总是跟店里吃差很远，
0,就是送餐有点慢
0,价格太高，菜量太少
1,很好吃，而且便宜实惠
1,速度，好吃。再接再厉！大赞
1,快递员很辛苦，赞一个
0,已经三次了，送到我这就全撒了，光收拾就得10分钟，你们的外卖员能负责点么！！！
0,比在店里吃差好多
1,饭很好吃，不过送餐速度真的很慢，我等了三个小时，疯了
0,这是我吃过最难吃的石锅拌饭了，真不知道说好吃的都是什么味觉，非常客观的评价，希望你看到能换家餐厅！
0,肉夹馍没送来，告诉我十分钟内送到，可是二十分钟了还没到
0,快递很不错。饭没啥味道！！太淡了！！
1,很喜欢卖家的包装，下次还会来的
1,少一盒米饭，只送了三盒米饭，我要了四盒
0,送餐时间太慢太慢，包装倒是很干净，也挺好吃，就是送餐好慢
1,味道不错，好吃
0,没有吸管怎么喝
0,"差评差评！第一，扁豆和肉没熟,吃完闹肚子,胃疼两天了,第二，必须满三十才送，可选东西又少，一个人吃饭点了套餐就必须点自己不能喝的凉茶了才能凑够！给一颗星是冲着餐盒"
0,这是我吃过的全宇宙最难吃的卷饼，没有之一，而且送餐很慢，后会无期了您呐
1,"送餐速度很快,糖醋小排很小一盒,云吞很大一盒"
0,"来这里吃过多次,这次接电话的服务员态度特别差,中午1点多下的单,订4点的外卖,打电话过去,服务员告诉我在那里吃过了,还一副都是我的错的样子,那态度都让人无语了！"
1,味道不错啊！
0,锅包肉巨难吃，不知道拿什么做的包粉。甜的发齁还掉渣儿。。。
1,纸袋包装，好高大上的感觉。分量一个女生吃正合适。味道也不错。第一次点没经验，下次会搭配汤品一起
1,赞宇宙卷饼的送餐速度，感谢~
0,真心的难吃。炒饼里有三分之二是白菜，三分之一是饼。水煮肉不是一般的难吃
0,吃个饭等了一个半小时
0,s送餐太慢
1,凉面送来的时候有些软～但还是很好吃
1,好吃好吃好吃送餐还快！
0,说12点51预计送达，然后12点55电话说，没材料了，做不了。。TM这是在开玩笑么。。虽然最后换了别的，但总觉得不爽。。
0,特别慢，不好吃
1,送餐慢了点，餐还可以
1,送货很快!老饭馆了，吃着放心，鸡丁好吃。
0,饭量太少，味道马马虎虎过得去
0,菜是凉的。11点10分下单，13点才送到。
1,速度快，菜品和堂食的质量一样。外卖的包装很用心。
0,给的越来越少了！两块排骨，两块菜花，两片胡萝卜，加上七八根茄条。
0,味道一般，干干巴巴的，吃到最后有点想吐。不过包装不错，看起来很精致干净。总体来讲，不值20元钱。
0,"配送速度有点慢,奶油上面没加巧克力,直接就是大坨奶油,百度配送服务很到位,还鞠躬什么的,着实被吓到了"
0,送来的太慢了
0,挺好的，总吃
0,鸡块里一半是鸡脖子……
0,"20的感觉一般,不如15的好呢."
1,"找不着地儿啊,那个大哥"
1,很好吃，大家吃了后都找实体店去吃了
1,非常满意！量足味儿好！
0,"等了一个半钟头,垃圾"
0,明明点的香草拿铁，结果送来拿铁，有点离谱。
0,太特么难吃了，豆干里的俺村蛋都硬的
1,"不错,很好吃。。。"
0,难吃，用照片欺骗人，天气这么好，不按时间送。
1,速度快，又好吃。
1,"一直很好喝,这个很好喝"
1,"不错，肉确实够多,够实在！饼再薄点就好了"
1,挺好的，配送速度非常好
0,挺不错的、不过有点辣
0,但很好吃，但量很小。送餐嘛一小时以上，还没带筷子
0,"用纸盒来装，洒得到处都是油,配的小菜静是油菜的硬疙瘩，根本没法吃,徒有虚表"
0,菜的餐盒已摔碎，菜和汤袋子里都是！是不是把我们吃的饭当球踢？！炒饭和粥一样！实在是不能上传照片！真想给你们拍下来看看！太气人了！
0,感觉口味重，吃完不消化
1,超级快就送到了，这么冷的天气骑士们辛苦了。谢谢你们。麻辣香锅依然很好吃。
0,"素菜就用水煮白菜代替,也是醉了"
1,花卷每次斗一定要买特别好吃
0,饿晕了等了两小时
1,还好吧就是肉切的有点大饼不是太好如果是厚面烙饼会好很多，
1,很好吃，送餐大姐人很好，特别准时
1,不错，送的速度也很快，点赞
0,说好的套餐里面有可乐，结果没给我，上一次是没给豆腐脑？你们都是怎么配餐的？！
0,地三鲜做成了茄子炖土豆，不过油叫地三鲜么？另一道菜，有一股说不出来的怪味，闻着就一阵恶心。因为是外卖你们就这么做东西么？
0,肉少菜多，菜好像不太新鲜，皮蛋瘦肉粥还可以便宜点，送餐还挺快
0,"1.图片与送餐不一致，套餐也没有说明；,2.米饭太硬；,3.送的晚；"
0,早餐变午餐~味道真心一般~皮蛋粥巨大的姜味~送餐时间比预计的慢1倍~
0,"菜品也太少了吧,第一次见这么少的"
0,挺好吃，送餐快。
0,"拌饭的质量,简直了,难吃"
0,用不着赶时间把东西都颠散了吧
1,"送餐速度快,东西好吃"
0,真没劲一次比一次少、餐厅怎么整的、难道是我给的钱少吗？
0,送餐慢，送了70多分钟，而且包装简单，拿到之后，到处都是红油，餐巾纸都没有！最后吃完饭，办工桌子就跟一个废墟一样，身上到处都是红油，说了不吃辣椒，结果还是辣椒粉多的要死，我自己因为不够20元，多加了一个小果粒橙汁，然后送给我的盒装饮料取消不送了，简直悲剧。
0,"配送能力有限,为什么不使用百度派送"
0,吃出一只蚊子
0,没有店里好吃
1,"一盒撒了,小哥又去排队拿了一盒,棒棒哒"
0,特别小，女孩都不够吃。。。
0,除了慢，其他还错
0,艹尼玛的，打电话不接什么意思，耍流氓么
0,绝对不会来你家了，一个面条送了俩小时。送来全部融了，这怎么吃。以前还经常叫，这是最后一次。
1,送餐这个百度骑士人真好，我生病躺在床上，七岁儿子开门拿，他还提醒孩子別烫着，关好门。赞一个
0,为了送货上门，他为了节省时间，小炒肉都是辣椒，我宁愿你都是芹菜！比第一次吃差远了！
0,菜有点少，饭好吃，送餐慢
0,两个多小时送到，味道一般
0,"特别少,菜也就半盒多一点"
1,一切都好好，味道也不错，只是点了肘子的送过来两个鸡腿肉的，因为太晚了也不折腾了，只是没吃到肘子的卷饼好遗憾呢，另外南瓜粥也没有改的王老吉…太晚点餐就是不好啊
1,要是快点就好了
1,还不错，量挺大。
1,挺好的。包装很好
0,菜的味道略怪，总觉得不新鲜
0,没一样满意的
1,快！外卖小哥特别棒！
1,蔬菜不好吃
0,越来越坑，第一次等了3个多小时，电话也打不通，最后告诉饭洒了。第二次点的汤，厚厚的辣油根本喝不了，强吃，吃一半还有个肉呼呼像虫子的东西，恶心的要死！！！
0,"时间非常长,一个小时了还没取餐,百度方面也不解决问题,连句道歉都没有,绝对不会再使用这个软件了"
1,"昨晚十点半送到的，简直感动,多谢卖家"
1,送来都凉了
0,等到快8点，南瓜粥是凉的，卷饼也是凉的！
1,"略咸，建议添加选项,少刷酱嘻嘻，别的不错"
0,速度很慢！卷饼很难吃，还20块钱，里面全是肥肉，坑死了！
0,提拉米苏同之前相比只有半个～而且还晚了45分钟～
1,除了抄手的汤和饮料撒的一塌糊涂吧
0,3元钱的米饭连饭盒底都盖不满，真是第一次遇到。招牌菜牛蛙，一坨浆糊，炒鸡蛋也是一坨坨，真是够了。这年头不是只有你一个商家，看看人家都怎么做的。三个菜172，比望湘园眉州东坡不知道贵多少，还这种质素
0,送餐太慢了，我十二点点的餐两点才到，
1,下雪天送餐小哥摔了，结果很快又重新送过来一份！
0,送餐实在太慢了，等了95分钟才送来
0,能不能0分，定了三样少一样，也没法找回，真垃圾
0,太难吃，石锅拌饭没有拌饭酱，外卖也等了好久
1,"好~,小笼包也不错~"
1,每一款都喜欢！太久没吃过油条了！赞赞赞！
0,口味一般！蕨菜用塑料袋装的，感觉很不好，为什么不用小碗装呢？以后不会吃了
0,锅包肉相当难吃，东北菜，这三个字让你毁了
0,送过来迟了快一个小时，凉透了，而且都露汤了，弄的特别脏
1,比上次慢了点，不过东西还是很好
1,好吃！速度快！
1,"东西好吃又实惠,送餐又快,好评"
0,除了肉夹馍好吃其它一般了，他们为了节省餐盒吧，打包羊肉泡馍过来汤一点都没有了。
0,"红豆粥糊了,是煮糊的粥全部用来送外卖吗,西兰花没味,不好吃"
0,粉味道还可以，但是猪手居然是臭的，尼玛，臭的！皮还咬不动，能有点职业操守么
0,太TM差了，点餐到收餐等了俩小时，饭量还少，还有，店主没吃过辣白菜吧？不会做我教你啊。。
1,超级推荐香菇肉丝～～～～～凉拌木耳味道不错～～～
0,"一般,不好吃"
0,第一送的时间太晚了，第二里面的肥牛根本不是肥牛，明明是猪肉，不像石锅拌饭，就是蒸好的饭上面放一些菜，唉
0,"牛肉粥肉有点少,而且盒子到的时候都压扁l"
0,"鸡块太次了…感觉饭量不大…为什么要提前拌好了呢,想自己拌"
0,送餐没准！！！想送就送，不想送就不送
0,有塑料纸在饭里
0,没有米饭没有米饭没有米饭，服务不好服务不好服务不好
1,准时，好吃，超级好。
0,"这是我吃过最差的一次外卖,1.外卖盒上裹着厚厚的一层凝固脏油,2.备注单上特意写着两个卤蛋不要送差，结果还是只送了一个,3.卤蛋上还有鸡蛋壳在上面,脏乱差"
0,菜都是凉的，一股腥味，再也不会订了
0,确定这就是炒乌冬面么？疯了
0,"只有牛肉好吃一点,其它都好难吃,量也少,饭也不太好"
1,"味道还不错,有点点干"
1,作为湖北人觉得还是也很正宗的！
1,下了两单，第二单慢了点，味道还是不错的
1,饼还不错。就是稍慢了点
0,"鸡块难吃,速度太慢,花了一个多小时,送到饭都凉了怎么吃"
0,点的粥都没送，给换成了饮料，之前都没和我沟通确认，服务态度一点不，再也不买了
0,速度很慢，我今天打电话催的时候，那边态度很差，我说那明天不点了。她说“可以”，电话撂了。
1,送餐员很快。饭很好吃，特别是鸡翅和土豆泥。下次继续点！
1,味道好，速度快，不错。
0,点了锅包肉和地三鲜，油油油啊！全是油，感觉在店里吃没有这么多的油啊，吃了几口实在吃不下了，太油腻！送餐速度也是偏慢，这家店离我家很近的，唉
0,我订的外卖，我还订了一根肠，送到了只有饭，肠没了，是不是送餐人员的疏忽呢？
1,太新鲜了～热乎乎的粥把盒子烫软了、可是很美味哟！分量足
0,卷得和以前不一样啊，锡纸卷到卷饼里去了，吃得到处都是好烦
0,难吃。10点订餐，12点45才送到。而且餐被雨水泡了。
0,灰常一般，快是快，我家本来离餐厅就不远，饭比凉的好一点，就算非用餐高峰期外卖做成这样……拌饭是提前拌好的也不写明，多买了一袋酱←_←
0,"12点40多分才收到,可能还说早了,要的鸡排饭,鸡肉又老又腥....再也不点这家了."
1,米饭实在是硬的离谱……
0,小炒肉好失败，都是汤水，粉蒸排骨还凑合
1,很好吃，肉很多，料足
0,没给果汁榨菜，筷子也没拿。
0,本单实际送达时间为20:47以后，我在20:46时点催单，提示说订单已送达，还没有送到却说订单已完成，披萨凉了，芝士都基本处在固态状态吃的，肉酱面也是凉的，也没有给我们拿餐具，只能我们自备叉子。不懂送餐小哥这么长时间都去干嘛了。虽然他很辛苦，但是对这次送餐真的很不满意。差评
0,非常差，米饭夹生，打和合谷客服投诉，告知门店会有人处理，到现在也没有下文了，真的是无语了，以后再也不去去和合谷！
0,饭好坏暂且不说，我要的果汁没给送，送饭的顺待会给我补，两天了还没补
1,很快。就是粥有些凉。。外送服务很好哦
0,12点定的餐两点才到。。。
0,送来的很快。但是炖雪梨是冰凉，显然是冰箱里的，不是路上冻凉的。也没有给筷子。差评了。
0,"说好了是酱香的,也还特意写了不要辣,结果还是辣的,根本没法吃,全扔了"
1,配送员很棒！
0,店长说话很气人直接告诉送不了叫我退了！
1,喜欢吃包菜粉丝卷！豆浆也很好！
1,真好啊，量很足，味道正宗，配送也快
1,太快了，你是飞过来送餐的吧…
0,等了两个小时，差点饿死
0,订了一个小时后，才打电话告诉我点的餐有的没有货，极度差，
0,最差的一次外卖体验，第一个订单被取消，第二个订单12：40下单，2点才送到。饺子已经冰冰凉。
0,送餐很慢，态度很差，还要自己取！
0,送餐用了82分钟，收到已经变成一坨了，百度服务去屎吧！
0,送餐超时，商家虽然半价，仍对此单的送餐速度非常不满意。
1,还好吧，披萨不会再要这个了，可以试试其它的
0,量实在太少
0,豆腐脑不给勺子。
0,量是真心不敢恭维哇
1,配送速度，大雪天的，师傅很辛苦，就是鸡肉卷有点咸了。。。
0,味道一般也就那样
1,很好吃而且有优惠买完9块钱一个。超值。
0,盖饭洒了，面也洒了成一坨不能吃了，最失败的一次订餐
0,太可恶了，不送还接单，催了几百遍都不理客户，从没碰到过这么恩劣的商家
1,"配送员很好,包子也可以"
1,速度太快了。。。定的12点11点17就到了
0,难吃的要死。请问是泡椒牛肉面吗？？？打开饭盒，一股姜的味道。随意一挑，有那么一大坨姜丝。是让我吃姜吗？还一直少送我的烤肠。
0,送晚了，配送员送错地方，面都断了！没嚼劲！汤洒的到处都是！
1,不错，就是披萨有些小
1,骑士送货速度太快了！非常感谢！儿子最爱吃稻香村的点心了，怎么也吃不够！真心不错！
0,"土豆丝卷小了一倍,送餐速度巨慢,而且距离很近很近"
1,不错，就是橙汁都不好喝
0,提前2个小时订餐，最后送餐晚到1个小时，饭菜都凉透了，味道又差，电话也打不通，下次不会再订了
0,超级差，南瓜粥已变质，馊了
0,送餐时间太长，已标注东北拉皮不放辣椒还是放了
0,送餐超级慢，送餐员态度也不好，打客服催单也没人理，取消订单也取消不了，总之是超级差劲
0,应该是最后一次点。。
0,两个多小时才送到，我也是醉了。。。。打电话让我取餐，结果他走错楼了。。。。
0,少送了一瓶加多宝
0,都没吃出什么味道，饿死啦。晚了1小时多。
0,服务员态度死差，建议改革
0,"裙带菜没有,送，带来很大不便"
0,付完钱发现没有给我优惠，打电话问客服，说我软件版本过低，我每天都在用，就今天告诉我这个？商家也不给取消订单，付了钱你们就把这钱吃定了？
1,感觉有点辣，味道一般
0,味道还行，就是配送太慢
1,师傅服务好送货快，性价比超高
1,地址写错了，6楼，爬了两次给回来的，小哥人很好
1,4块钱超值的！！！
1,"好吃,味美,好吃"
0,居然里边有空饺子！里边没馅！配送的很快。
0,菜有点少，米饭太多了。
0,还不如拌饭的量大！
1,下单之后接到商家电话，说因为饼没有了，要晚点才能送过来。虽然送到的时候已经比较晚了，但是服务态度还是很好的。另外鸡腿肉卷真的很不错。
0,点的馒头片没有送…希望下次能补上…
0,忘装海带丝，投诉！
0,竟然把榴莲班戟放在两个热菜中间，送到家奶油化成水了。真是气死了
0,"送餐的师傅,没有备用零钱"
1,还不错，包子味道好，炒饭稍微油了点，不过能接受
0,真慢，批萨凉了真难吃
1,"口味不错，女生一个人吃完还很饱,包装很不错"
0,咖啡都不封口了么？！洒的……
0,太难吃了，和店面应该不是一个厨师
0,和菜量很大。味道也可以。不过锅包肉实在不敢说好。只能说非常一般。完全不是东北菜的感觉
0,送餐很快，味道一般
0,宫保鸡丁用的什么肉啊，都是鸡皮之类的破肉根本没法吃，土豆丝也咸了，勉强吃吧
0,没见过这么慢的，10点半定的，一直到两点多才送来。河北买的饭都送到了吧！电话从12点打到1点多才接通，订单还取消不了。真是等到脾气都没了。。。服了。。。败给这家店。。。
1,肥肠超级多！量很足！一直很喜欢他家的菜品
0,饼特别硬，肉特别干一点味道都没有
0,送货小哥很给力，但是订了三份餐，送错了两份，其中有一份非常的不合口味！
0,送外卖的呵呵了，不给送到我给的地址，还让我自己走老远去拿，那我还订外卖干嘛。卷饼还是很好吃的。
1,卷饼不错，量足！就是肉太柴了。
1,送餐小哥很不错，很有礼貌啊！
0,"订单订的是薄脆煎饼,给我送来的是什么土豆丝卷饼,真服了！！！！差差差！！！！"
0,"一定不要点炒面,2小时终于坨成了石头"
1,太快了，送的！
0,卷饼一直不错，可是那粥实在是太差了。比稀饭还不如，以后还是不要卖粥了吧，拉低了菜品质量。
0,等了一个多小时，菜量少，尤其是那份拍黄瓜，又少又难吃
0,送餐员态度特别差
1,配送非常快，10分钟就送到啦～
0,食物一百分，速度1分。明明走路十分钟的路程，制作要那么久吗
0,不是肘子肉吧，而且送来的都是凉
0,送来饭都不太热了，米饭很硬。口味一般般
0,定了飘香肘子，冲着价格，口感也还行。肉有点柴了。
0,我等了一个小时才送到。我是12:21打的电话咨询什么时候能送到为什么物流记录是12:09送达？这么作弊？
1,速度快，味道还
1,"好吃,送的很快"
1,还可以，就是汁少了些
1,吃过好几次了，味道挺不错的，外卖送的很快，喜欢
1,很好很喜欢送餐的小美女态度很好
1,百度骑士非常好，赞一个
1,味道不错，送餐员态度很亲切，非常快
1,"棒棒哒棒棒哒棒棒哒,师傅辛苦"
1,红油抄手贵，但味道确实不错
1,汁儿家的果汁是我喝过最好的，坚持下去哟，外卖小哥很给力，超快的，谢谢啦！
0,餐厅说有事儿？！送太慢！！！果断差评，等了一个多小时
0,酱油太多，黑哇哇的，要的地瓜都没有看到！
0,送餐人员11点57分来电话表示马上就到了，我告诉他到了给我打电话，一直到12点30分拨打送餐人员电话，一直无人接听，12点40分送达，但是送达的餐还是错的，我预订的大排饭，给我的是卤肉饭，无语
0,额。。。很难吃
1,肉还挺多的，就是送的慢了有点凉，热乎的就更好吃了
0,按我要求的时间送到了，但不是新做的，是冷藏过的，有点失望。
1,送来的时候粥撒了…不过小哥很帅跟客气…
1,挺好，继续保持！
0,皮蛋瘦肉粥点了两份送了一份。撒的袋子里都是。
1,送餐及时，煎饼还是在店里做完当时吃香。
1,特别好吃，量特大，而且送餐特别快，特别特别棒
1,送餐员非常负责，及时确认订单中特别叮嘱事项！很专业，很用心
1,很好吃，粥是精品，凉菜也很好吃。
0,太清淡了，没什么胃口，菜饭明显不等量，菜太多，饭太少
0,"到现在还没送来,还没人接电话"
0,猪蹄有点腻！没有那么香，不是很好！
0,香菇鸡肉不太好吃，果汁也太袖珍了吧…不过速度巨快
0,8点定的单子，店长11点才联系，也是醉了
0,我要的辣的，怎么送了个不辣的呢！
0,速度和态度很好就是外卖明显量少啊希望商家加强这块啊
0,送餐员太牛逼了，让自己出去取。问他为什么不送到房间，人家来一句“我喂你吃得了呗”！
0,配送时间真无法保证
0,服务很好，套装明明是奶茶，为什么送来是豆浆…
0,买了10个鸭头，送来的时候也没看，吃的时候才发现少了1个。
1,东西非常好，还是热的，辛苦了！
1,很好，一如既往地快，好吃
0,送货速度太慢，催了好几次，菜还不错
1,味道还可以，对我来说，咸了点~
0,说实在的真心不好吃，送餐挺快的。量挺大的，一点味都没有！就米饭还不错，绝对不会再去这家吃了
1,好吃又美味
0,"2:30送到,小伙伴们,看着办吧"
0,"定了两个只送了这个,送餐的开始还不想给我送上来,让我自己下去取,我要是有时间下去吃饭干嘛要订外卖"
1,经常买这家的饺子，味道棒棒哒！
0,送错餐了，还联系不上餐厅
1,粥还不错，饼还没尝，包装挺好，看着不错
1,很好，也很快不错
0,哪儿有让人等餐等两个小时的啊，脾气真是不能控制了，送餐速度超级差，真是超级差，气死人。
0,真！的！太！难！吃！了！！！什么味都没有！！不知道为什么这么贵！！还不如去买个老北京！！！！
0,味道很差，鸡排就跟生的似的
1,"飞速,南瓜粥没了换了皮蛋瘦肉也ok吧"
0,米线的送餐盒都裂了...汤全没了....这怎么吃...南瓜粥撒的到处都是...
0,金枪鱼送来都变形了！
1,天气恶劣而且服务态度很好，谢谢
0,一个多小时送过来，凉的
0,送菜送一半，少送汤和海带，隔了一个小时再送来，吃完饭了还要来干嘛用？
0,味道还好，饭太硬饭太硬
0,"披萨凉了,3个小时才送来,饿的我还得出去吃饭"
0,订了两个煎蛋，只来了一个
1,等了一个半小时……就算下雨，我的地址距离餐馆可是直线啊！！！！中间无障碍物！！！到的时候，装餐的纸袋子都破了湿了……百度送餐员也太不靠谱了
0,"完全化了,奶油烂糟糟的"
1,儿子最喜欢吃站点，昨天因为脚崴了不方便出门，只能外卖，其他都很赞，但披萨我觉得像提前做好翻热的，因为已经很硬，我们一直在亚运村店吃，一个披萨的烤制时间不短，昨天从下单到送来，时间不太对。
0,大晚上点KFC就是个错误，第一次吃到口干这么差的汉堡，肉卷也极差。到点的东西该废要废，拿这种东西卖给顾客好意思？掉钱眼里了？总之东西和自己去店买的口感差很多！但是还是要谢谢辛苦送餐的送餐员！
0,拌饭的米太软了，吃起来感觉糊在嘴里
1,味道还可以，量也挺足的。不过现在是用代金券和支付优惠，如果单论单品价格就比较高了
0,外卖速度太慢了！
0,我要土豆肉丝，他给我送了个尖椒土豆，巨TM辣，本来上火这一吃嗓子一下废了，说不出话来了。
1,好，爱吃夹油条的煎饼果子
0,牛肉咬不动，太酸，太油，还有股子药味！也没有注明是辣的！没吃，都到了，还这么贵！差评！
1,"百度小哥太好了～速度极快～刚到楼下,我有货到,还帮我搬了两箱货,太赞了！太赞了！"
0,配送员服务态度非常差，差，差，弄的没法吃饭，这个配送员店里应该让她走人。很气的，
0,"非常慢非常慢,打电话,还是不耐烦的口气,很无语"
0,等了100多分钟，送来的时候我都快饿晕了。。。。。
0,根本就是17:50才送达
1,东西很好吃
0,吃的我晚上呕吐到11点。肯定有问题。
0,不知道怎么这么慢！
0,卷饼味道真的很一般
0,一般都是四个菜，今天变成了三个菜，菜品下降，有点失望
0,那咯你们都有些事
1,已是他家老客户，味道正宗，饺子料包齐全，以后最好能出台一个单份饺子套餐更好
0,鲅鱼饺子太腥了，不好吃
0,"送了俩个小时,,坑爹啊...."
1,汤面类还是不要点吧，送来味道大打折扣。其他都不错。
0,每次都没有番茄酱和餐巾纸烦死了
0,巨慢，提前2个小时订也这么慢
0,皮蛋粥快咸死了，不好吃！不过包装值得表扬！
0,下单时专门备注了少放土豆粉，但每次都是土豆粉放最多，都没吃，浪费了
1,还行，肘子吃完有点儿恶心，送餐太慢
1,好吃，肉很多。就是尖椒有点辣
1,非常赞。棒棒的。赞赞赞
0,"冷了些,少了个鸡翅。。。"
0,配送师傅态度恶劣
0,"少份瓜条,多了份饼,秩然鸭架没有送来"
1,粥好喝，卷饼也还可以，非常满意
0,想吃万年青点的，整整晚了一个多小时，真是醉了，葱油拌面还行，就是送来已经坨成石头了。
0,尼玛是生的，为了快也不能这样啊！！
0,慢死了，气死了
0,为什么没有饮料！！！！打电话说外卖就没有饮料，那你图片是干嘛用的呢。怎么不写里边说没有，这算欺骗吗?
1,"很快,很好"
0,一个多小时才送到，真是等不起啊
0,为什么烤肠付钱了，怎么没送啊
1,分量真足，就是微贵
0,第一次点，量少，味道也一般，
0,1小时45分钟送达
1,"送得特别快,饼味道一般"
0,之前都两盒，这次就给装一盒。还不多，差评。快递小哥辛苦
1,"终于吃到好吃的鱼香肉丝了,虽然有点慢"
1,送餐员态度很好，产品质量也好，满意。
0,配送速度超级慢慢！配送人员还埋怨地址不好找！关东煮不好吃也不划算
1,感谢送餐小兄弟，几年前天天在他家吃炒面现在还是这个味，量足很好吃很满意，祝店生意兴隆
0,"猪肉,好吗,哎,不说啥了"
1,"哈哈哈,好吃"
0,今天送的很快，快递员态度好，味道很好
0,点了5串羊肉串，量少的可怜。和在店里吃的不一样
1,虽然小贵了些，但东东不错
0,送餐很快，但是给我发票抬头开错了........
0,"说了不要香菇,不要香菇,看不看单子啊！！！"
0,虽然很划算，送餐速度也不错，但是不知道送餐的是不是没有保温措施，送来的时候饭菜已经比较凉了。如果愿意出门的话，还是去店里吃比较好。
1,鸡丝凉面太油了，豆腐脑超级好！一小时二十分钟送来
0,等了两小时，送到后，关东煮汤都撒没了
0,太甜了，像鱼香肉丝
1,味道不错，送餐也快
0,"等了好久才送到,真不是一般的慢,比预计晚了降近半个小时,连电话都不打一个"
0,不到800米的距离，取餐到送到居然用了1个小时，面都坨成一坨了
1,眉州就是专业阿
0,一万只草泥马奔过……等了一个半小时……再也不会订了！
0,肘子蔬菜拌饭，太难吃了，酱和菜拌不开，一口咸一口淡，肉也不香，飘香肘子卷，中份，太少，没菜，不好吃，111分钟才来
1,嗯，纸袋比较高大上
0,关于送餐，速度我已经无力吐槽了！！！一个半小时，一个半小时，一个半小时……
0,我要投诉。奶茶里有虫子
0,木耳要放多少芥末？
0,超时了十分钟，不过味道还行
0,百度配送没得说非常好，但餐厅真的是无语了，不想说了
0,花钱了，少给我个饮料，也不知道退钱
0,送餐师傅很给力，饭相当难吃
0,蛋糕味道不错！明明约的是10点至十二点送货，结果九点半就来了，买了两个蜡烛，要的是2和9，结果给的是7和9，完全不注意，老公为此还笑话我了，整体满意吧
0,失败的一次叫餐，餐一个半小时才到，都凉了，问道也不好，再也不吃你家的了。
1,"师傅相当神速啊,好评！"
0,肥牛一股羊肉味，真是肥，吃恶心了…面基本没味儿！
1,"煎饼好吃,外卖速度快"
1,继续努力，刚才真的没注意查收，10几分就送到了，我还误解了店家，对不起啊，经常订所以追加好评算是道歉啊，谢谢
0,幸好有一瓶老干妈来拯救这份饭。肉少，米饭就跟泡水里一样。
0,量很大但是竟然拌饭酱都要单独买，而且五花肉拌饭只有可怜的两片肉。。。
0,点的一品锅怎么送的猪手！
0,快递员超时送来了，但是很理解，大热天的不容易，来回跑，不过态度是很好的，下次早点就好了
1,"味道不是特别好,黑胡椒加多了"
1,还可以，经常订，省事
1,不错滴，锡纸包住的创意很好，还配了手套，妈妈再也不用担心我吃个卷饼吃的哪哪都是了，送餐小哥的态度也很好，赞一个～
0,什么配菜都没了还没送饮料
0,量太少，少的可怜，如有改进会继续订餐
0,他们是自己的送餐员，速度且慢了，两个小时！
0,慢。很慢。非常慢！7点半下的单，10点配送员才刚刚取餐，晚饭生生变成了夜宵。而且如果不是我打电话，配送员完全不知道和客户联系。说好60分钟送餐，最后变成了150+！不能接受任何借口和解释！！！更关键的是，送来的汉堡和薯条都已经是冷的！一到家门口纸袋就穿了，掉了一地！原本想着算了，结果发现汉堡还送错了！太烂了！！！
0,才不好吃，居然等了4个小时。无语，还能说啥呢，饿的没力气了，在饿了么上重新定的都到了。
0,慢啊，怕是慢订的人气最旺的套餐，结果还是四十多分钟到
0,太坑了，不是说在线支付剪多少吗？我咋一分钱也没剪呢、用了代金券也没剪、送来的单子上面钱都打折了、但实际为什么没打折，总之，太坑了
1,经常在这里订，味道棒棒的，继续努力，为我刚才的失误道歉了
1,"辣子鸡越来越少了。,！！！！！"
0,"写明是两个盖饭，结果是一盒拼饭。,面冰凉，还得重新加热"
0,在牛肉饭里吃出钢丝球啦
1,"手工花卷真的是不错,有小时候的味道"
0,送餐时间太长了。而且我要求多带番茄酱，结果只给我拿了一小包，完全无视我的要求。
0,按错了，还没有送到
1,服务很好，准时送到，菜品也很好
1,很好。这回给的大虾好像要多。谢谢卖家。
1,好吃的点心就属稻香村了！骑士送货很快，服务热情！赞一个！
0,少了两个蛋
1,大号卷饼太大。如果胃口比较大。推荐吃两个中。
1,包装好好，还用铝纸包装的，
0,披萨送到后变成煎饼果子了，包装根本不适合送餐！！！
0,我的饭送错了。
1,菜很好吃，就是炒饭这次给的有点少。
1,羊肉稍微有点干，其它还好
0,卷饼很好吃，量也足。但是咱这送餐速度真不敢恭维。10点40订的，一点才送到，再晚点可以做下午茶了
0,送餐速度不是一般的慢啊。。。
0,跟华茂那家完全不能比
1,送货超级迅速，服务到位，好评
0,"赶上人员不够没人配送,时间太长了,食物被水汽泡了"
0,"原来有牛肉-,-就是混土豆里太少了没看见。。"
1,速度还可以，味道好
0,都凉了。煎饼凉了。土豆肉卷也凉了。很难吃了！配送送的也慢，50分钟！
0,什么也别说了！这家商店就他么是坑人的！东西别提多难吃了！我他么吃了一半就吃不下扔了！吃的想吐！你贵不怕，问题你好吃啊！草泥马得了！祝你家早日关张
1,第二次点，这次送的速冲咖啡。
1,很快，很好吃，就是优惠力度再大点就好了，或者价格在便宜点
0,汤直接装塑料袋里了，我想问问我该如何倒进盆里？
0,"订的超大杯,送的大杯grande"
0,"9点定的,12点才送到,还只送到楼下,太差了"
0,点了两份饭，都没有给筷子！！
0,"时间太长！还少了个汉堡和薯条,最后小哥去店里又取了一趟才吃到"
0,没有那个肘子得好吃
0,披萨没熟！！！大差评！！！
0,"迟到2小时！,我的午餐送餐员,已经迷失在帝都“仙境”中了。。。眼看午饭是吃不上了"
1,棒棒哒，快递员很贴心，不错
0,送餐太慢了，致电餐厅，说做完很久没来取，菜品味道一般，量挺大的
0,80多分钟送到，大号卷饼里全是肉，没有菜。。装粥的饭盒边上都是碎塑料片。
0,"外卖就是送到家啊,有一个小点的男生每次他送就喊到楼下拿。本来五分钟走着都到了今天竟然送了两个小时。"
1,"非常好,辛苦送餐员"
1,就是快递慢了点
0,10点订的餐，12点才送到！与同事前后下单，他的11点多到的，我的12点多才到，配餐的工作方法真是无语！
0,要了两瓶只送了一瓶，回来才发现，客服打不通
0,量够，味道还行，包装不错
0,我以为避开高峰午餐时间就能送的快点，结果还是等了一个多小时
1,还行，中份不算大，够一个女生吃，油太多了
1,送餐师傅服务超好！满意！
0,和同事一快订的，送到时间晚半小时。催了两次。希望安排好送餐时间。
0,饭非常好，物美价廉，包装很精致！送饭的师傅把饭放在垃圾桶上用来吐痰和弹烟灰的沙子里，让人怎么吃？！送餐慢可以理解，毕竟定的晚，而且师傅要送很多家，但是明知道是垃圾桶，而且还是人们吐痰和弹烟灰的地方，还把饭放到里面，你这个送饭的师傅是不是太招人恨了？！
0,西瓜汁都酸了，以后不会再买了
1,真好吃!!
0,发错单了！我吃了两份韭菜的！！！
0,不解释，时间真快
0,把那个送外卖的废了吧，这么懒找借口不送到楼下，什么态度么
0,面送过来就会坨了软了，口感不好，其他还可以。
1,比预计时间晚了十分钟，还算准时
0,味道不错，送的时间长了点
0,送来的黄焖鸡..我一打开..只有两种可能..是剩的或者可能被谁吃过了...如果大家想感受一下就定..嗯
1,"百度骑士很快,餐送过来时还冒着热气,赞一个"
0,整整晚了一个小时送到，非常生气，以后再也不定这家饭了
1,眉洲的除了有些辣以外还是很好吃的
0,送餐时间太长，快饿死了！说是海陆至尊，满眼是是火腿肠，还有一些香菇，没看见海在哪里！买了五个鸡翅，有三个里面的都不怎么熟，此次购买体验不好！
0,挺快，味道一般
0,就那么回事吧，两个菜都油乎乎的。每点一个菜还要收餐盒费
1,一个小时送到的，很好吃，但是点了平菇怎么没给
1,速度够快。服务很好，
0,没我想象的好吃
0,"和在店里吃到的没法比,送到后又少又凉~,o(︶︿︶)o,唉,看来点外卖是个错误的选择！"
1,师傅人很好，送的超级快
0,一如既往的慢
0,"糟糕,继续努力吧"
0,很难吃，服务也差，差评！
1,很好吃，定了好几次了，就是觉得中份有点小，吃不饱~
0,凉皮味道一般，真没觉得怎么特制勾魂
0,速度太慢，要是太远派送时间无法保障，就不送好了
0,老板，这单根本没送到
0,我点的是排骨油豆角，结果一块排骨都木有，有没有搞错！
1,如果加酱汁就好了
0,东西倒是挺好吃，特别是这四喜丸子，但是这送餐也是无语了，一个半小时送到，打电话态度还那么差，就这样还做什么服务行业，赶紧回家带孩子去得了，一天美好心情全让你们影响了，就这样还怎么让我下次在你们家订
0,有点太甜了。量大
1,东西还是很好吃的，要是速度快点就无敌了
0,主菜很失败！！！
0,这家店每次都是送餐巨慢！！
0,第一次买，也是最后一次，拉的我都虚脱了，吃肉夹馍+酸辣粉拉=拉肚子，肉夹馍+凉皮=拉肚子，
0,我还以为是小块排骨，没想到都是肉末，看着就没胃口了。这是我对小渝府唯一一道不满意的菜！
0,都没送到，订单自己完成了
0,要的煎饼套餐送的油条套餐
0,味道一般，还赶上没发票
0,味道一般，送餐时间太长…………都要长毛了，下次应该不会想再订了
0,饺子可以，可是24块钱一份的酱牛肉只给不到十个薄片，略坑，难道是百度优惠了所以就这样了
0,大酱汤全撒了！饭里，就连芥末里都是……一口没喝上……快递小哥递到手就走了……
0,"超时,太慢"
0,他们没用百度的快递，速度就是这里写的时间乘以二！饭店且等吧
1,便宜好吃特来推荐
0,"速度真的慢的不能再慢！足足等了1个半小时,有待改进！！"
0,"1，快2个小时才送到,也没有超时赔付,2，没按备注制作咖啡,3，冬天能不能增加点保温措施,热饮变冷饮了"
1,态度好，菜味佳
1,非常好吃哈哈哈
1,下雨天，感谢辛勤的送餐者！
1,尖椒土豆丝盐放少了
0,连筷子都没放，菜很少
1,"配送员辛苦啦,服务很好"
0,说好的30多分钟就能送到呢？！是不是买的少就懒得给你做啊
1,雾霾爆表。快递辛苦啦
1,好吃实惠速度！
0,咖啡都洒出来了，杯子都湿了
0,鸡排看的好恶心
1,粥还可以，饼真不好吃，就是肉块，口感不好，不好吃。
0,"不好吃,特别特别咸,等了一个半小时"
0,菜很少根本不够吃，下次不会再点了
1,吃这还不错。
0,很少给差评，这次忍不住给差评！菜量小，味道就是酱油味，颜色发黑，关键肉不新鲜，和附近另外一家比差太多
0,送餐太慢，打电话摧态度比我硬
1,不错，配送速度快
1,送的很快，谢谢很准啊
0,晚上除了麻辣香锅以外没吃任何其他东西，吃了之后两小时就开始上吐下泻，到现在水状腹泻两次，呕吐四次，连胆汁都吐出来了。
1,谢谢，非常感谢，那么等的天真是麻烦了，虽然等了会，但还是很感谢
0,2个小时送到的，气都不想生了，自己看着办吧
1,不错，经常订哈哈哈哈
0,锅贴里葱太多了
1,送来时有些凉了，感觉缺少了一些香味。餐盒路上坏了，吃时面里的汤没有了。
0,"清炒菠菜根本无法吃,菠菜里的沙子没洗净"
1,挺好哈的，大冷天的，挺快的，还热乎着。
0,垃圾啊，弄一个盒里都沾了
0,送餐师傅很快，但不知道为什么拌菜像水泡的，凉皮没有任何味道！！这是怎么回事？
0,挺好哒。米饭很足。很容易饱。
0,菜量相当的少，口味相当的不好，根本就没法吃而且豆腐是酸的，送餐迟到了一个多小时。花钱买次教训！
0,快递小哥人很好，饺子吃着一般，特别慢。
0,很慢，吃个饭等一个半小时，我就不明白，摊个煎饼五分钟的事要一个半小时？到了都坨了怎么吃，就离店面500米，真是服了
0,面到了已经粘成一坨了
0,菜明显是剩菜，跟之前买的完全不一样
0,…要的奶盖格雷没有奶盖…跟上次喝的奶盖格雷不一样…
1,"非常干净,味道也合适,满意"
0,选了要发票，但却没有
1,奶茶送到有点凉了，披萨好吃
1,好，味道不错，准时送达。
0,餐送错了，给别人吃了
0,太差劲了，送来时纸袋底儿漏了，粥都扣了，一个饼外包装开了也是掉过地上的。我们说剩下这么点我们两个人怎么够吃，送餐员态度无语了，说：你再点呗我有什么办法！
0,别的不说，就这速度也是醉了！做不到一小时就别写嘛！幸好不是等着救命的药！
0,卷饼有点辣…倒是挺刺激的，蛮好吃～南瓜粥比较一般。送餐实在是慢！上一次就是因为慢取消了，这次还是超慢，而且也没有取餐送餐的状态，让人心里没底，希望改进吧！
0,"西葫芦锅贴不错,清爽,粥类一般,黑芝麻糯米粥的黑芝麻不好吃,皮蛋瘦肉粥肉太柴"
0,"两个字，恶心。蛋太生，沙拉竟然给我一包番茄酱，香肠和土豆泥都没有酱汁，那么干怎么吃？,总之和第一次相比差很远"
0,"1、土豆肉丝卷饼,就几根肉丝，我特么去饭店点个土豆肉丝也不至于这样啊,2、飘香肘子卷饼也是那艹型，这是坑害消费者是吗,3’第一次非常实惠，这第二次订餐简直是噩梦。我和朋友说这家卷饼非常实惠，直接打脸,4、定了一个盖饭香菇鸡肉，原来是特么圆盒非常有食欲，现在一个普通的垃圾小方盒，饭菜在一起，还不如成都小吃的一盒饭一盒菜,呼吁大家千万不要吃，人家是越做越好，这是越来越差！！！还坑害消费者！"
0,"送餐速度还可以，就是没有番茄酱！！！！！！！！,没有甜辣酱！！！！,没有餐巾纸！！！！！卖家能不能上点心，真是不负责任，差评！！！！！！"
1,送餐速度快！
0,说是21种，送来的里面只有七种
0,超级慢！服务态度还不好！以后不能再订了
0,送餐很慢，鸡肉腥味很重
0,一般，很一般
1,太好吃了，不是第一次点他家的饺子了。皮薄馅大，真不错。送餐师傅很及时。
0,可能外卖的没现场吃好吃
0,肘子卷肥肉好多......
0,味道没说的。但是配送员是特么骑马来的吗？？付的venti的钱喝的tall杯的量？？洒的我也是醉了
0,太难吃了，特别是炒米条
0,超级难吃，速度和包装倒是不错，不知卷饼怎么做成这样
0,十一点多订的，等了半个小时打电话那边才确认订单，葱香牛肉焗饭偏咸
0,太慢了，人家等久饿死了
0,久久鸭的口味偏颇，辣味不是很浓。总体而言还行。但是没有餐具，虽然我的单里说明要餐具了，这是一个遗憾！不过送餐速度很快！
0,"味道还行，但是送餐太慢了！！！,饭菜全凉了"
1,味道很好，用料很实在
0,送的可乐没给
0,真的是很慢很慢，120分钟才到呀，已饿晕好么。。。
0,汉堡太小了，大份薯条分量也特别小～
0,这红烧肉盖饭原来是红烧茄子盖饭
1,送餐小哥态度特别好！好多肉呀好吃好吃！可我以为是可以选米饭换卷饼的？还在订单里自信地备注了
1,快递小哥非得常快！
0,东西不错百度外卖太SB
1,"小清新的饮料太甜了,很不正常那种甜"
0,炒米条很少，两份辣白菜汤都撒得只剩一半了，同事们都没吃饱
1,量大味道好，送餐师傅都很好
1,全五星好评，好吃啊
0,绿豆汤馊了！！！！！！我明天铁定拉肚子！
0,10点下的单，要求11:45送过来，结果12:45才送到，中间催单两次没反应，打400也打不通。快递小哥很朴实，12点多才拿到饭，然后风风火火爬步行梯到15层送过来，辛苦了，但餐厅做饭也太晚了吧！！！粥和肉卷味道都非常一般，等的快饿死了
0,"根本没送来,我很佩服"
1,很用心的店！支持！
0,我要求抹茶拿铁不加糖，为什么还是加糖！
1,批萨口感好，扎实的料。鸡翅原味最好，奥尔良第二，蒜香炸的老。很好的一次经历，外卖小哥很给力，好评一万
1,点了三种煎饼觉得都好吃，鸡柳的里面有菜有沙拉酱。送餐时间45分钟。
0,十点多预定，还是没有准时送到
1,送的速度很快。外卖的价格合适，门店二十就不买了
0,送的比较晚，发票也没给我。
1,配送很快！送来还是烫的！很好
1,很不错的，很喜欢这样大小的饭盒，味道也不错，就是送来的时候已经比较凉了。
1,一接电话就下楼。说我下楼慢
0,"速度挺快,就是不好吃"
1,准时到达，太给力了！
0,送餐时间太长快一小时了
0,难吃，做得慢，一点半下单还等了一个小时。根本不是在一点五十八送达，这么糊弄有意思吗
1,又忘了开发票。。。一_一|
0,"难吃到吐,送餐慢，服务态度差,一张硬面皮里面裹点肉卖20～"
0,菜越来越少了！米饭也少了！
1,送餐快又准时，非常好吃，两个人竟然没吃完。晚上再煮点面放进去，晚饭都解决了。鸡块很多，味道很好。口味重！值得推荐！
0,都太甜了，真心接受不了又甜又辣的鱼香茄子，份量也小，感觉不值这个价
0,订三份送来两份，有一份还送错了，
0,大冬天豆沙粥居然是凉的，菜单上还没个标注！太让人无语！
1,师傅人特别好！送货超认真
0,配送太慢，很差！
0,土豆泥是酸的，不知道是不是本身就这个味道。
0,送了快2小时，我打电话，老板说送出来，等了40分钟送餐员到了，问送餐的，送餐的说老板做菜慢。我也是醉了！！！！！
0,"土豆丝肉丝里有辣椒,点餐的朋友们不吃辣的要小心!味道一般."
0,送餐时间太长了
0,今天的大肘子好腻啊，肥肉多，没以前的好吃了
1,"配送师傅十分给力，外面下着大雪依然很快送到，谢谢！,菜也挺好吃，性价比高，还会再来！"
1,大过年的辛苦了
0,没送饮料啊
0,送了快两个小时，直接退掉，下次不会再点，打电话也没人接
1,卖家超赞！一开始出了些差错，但卖家又送了一次，速度超快～卷儿里的肉好多～还有贴心的手套！推荐！
0,不爱吃甜口的肘子…尖椒巨给力…
1,送过来披萨还是热的，一如既往的好吃，赞一个
1,虽然等了一个多小时，但确实因为天气热，外卖小哥送不过来，辛苦辛苦，好评
0,一般般，速度太慢，太辣
0,菜品数量严重不符！丸子和青菜只有2、3种！没有培根和所谓的2份菌类！投诉后也没有给予合理答复！很不满！
1,"挺快的,好吃"
0,送来的咖啡封口开着，洒了好多
0,这菜我也是醉了！不管是订的还是送的！难吃到这样~我也是头一次见
0,送的超级慢，竟然还让我去楼下拿，从来没遇到这样的
1,很不错，豆腐脑好喝，油条煎饼好吃，豆浆还备了糖，周到
1,端午节还送粽子。业界良心啊！很棒
0,为什么给我送的木耳鸡蛋盖饭没有饭
0,不错，以后还订
0,送餐太慢了…
0,就是时间稍微长些
0,垃圾！3个小时才送到！期间打电话各种不接，2小时后好不容易打通了，人家告诉我系统故障还没给做呢！系统故障你还点确认订单，我换别家好不好！钱扣了还特么不给做，害你爸爸饿仨小时！
0,服务态度太差，客服不接电话竟然转到联通秘书台，搞笑了。把客户当啥了？外卖还经常洒了，送餐时间超长，整个差评！
0,晚上快9点送到的。还好老公在味多美买了个蛋糕。不然我就呵呵了。我觉得大家要定的话提前一天下单比较好。不然等死你。呵呵
0,"我马上就要饿死了,跟我说马上就到,马上就到,这马是没吃草吗,下次别放那咸菜了,味道难闻的要死"
0,10:23下的单，提示卖家已经在准备了，11点左右打电话过去问，店家说正在准备打包，11点才送外卖，我说好吧，快点。11:26我取消订单。（我已经等了一个多小时了）11.34接到电话说，餐到了，我说都一个多小时了，我不要了，店家态度非常恶略，说胡说八道，哪有一小时！我说你回去看我的下单时间。对方就直接挂电话了。
0,等太久了，饭都凉了
0,不太好吃！
0,"难吃,不新鲜"
1,送餐员很热情，很好吃谢谢
0,垃圾送了麻痹快两个小时！
1,送餐速度超级快，第N次定了
1,快递人员很尽职，辛苦了！
0,总体送餐时间较快，干炸小黄鱼、梧桐花鸡蛋炒韭菜的味道还可以，只是东边大拉皮是辣的（备注信息我说了不吃辣的），味道也很一般。大花卷个头还挺大，味道一般般。外卖袋子里还多了一个类似的肉馅，味道很不好，不是我要的，比较奇怪。
0,奉劝不知道6寸多大的人不要点……小的惊人。还不如去买张煎饼
0,啥也不说了，送餐速度是一如既往的......
1,一直久闻大名，味道还可以吧。
0,11点的餐，1点多才到手里。这都上班了，怎么吃？
0,"送单太慢了~~,食材还可以"
0,一般，饭有些硬
0,太慢了，等了快一个班小时，也不能打电话，投诉也不接。催单催到最后都不给催了，水也没给我。什么玩意。钱也不退。以后再也不订了
0,以前点过几次，还是不错的，这次也不知道是怎么了，饭是半生的，吃不了都→_→
1,包装很牛逼啊，挺好吃的，份量也可以，但是想吃饱的话最好配一个其他的东西。
0,上帝等的都快饿死了！
0,"味道一般,还好"
1,味道超级棒！鲜香培根的好吃、料也足！炸鸡也都是鸡翅而且个头很大！大赞！
1,送餐很快，卷饼里面感觉再多点酱汁比较好
1,速度很快，奶茶也都封口了就不会撒出来
0,好慢。。。而且送过来的时候洒的不成样子。。。
1,外卖没有配汤，还是店里好。
0,煎饼很一般，没什么亮点
1,。送餐员特好的说话。。。。。。
0,非常差劲，饼都破了，漏了我一裤子油
0,送来的饭跟菜全是凉的，全是！！！！
1,有点慢，因为是现蒸的，着急的就别催了
0,送餐慢，望日后改进
1,一次买了40个哈哈。好吃
0,面送来味道就一般了
0,味道一般，而且鸭头没给切开，吃着真费劲，餐具也没给特意标明的
0,总是不按正确的时间送达
1,"小哥不错,最后给送上来了"
0,送餐太差了，大酱汤全撒到袋子里了，沙拉的盒子是坏的！
0,完全凉了，而且我不知道送外卖你2块钱零钱都不准备吗？上次是100找不开，让我去楼上重新拿，呵呵，这次TM2快也找不开，等就等，饭菜全是凉的
0,"饭送来都凉勒，一点都不好吃，,而且牛肉咖喱里面竟然有羊肉，我也是呵呵哒了"
0,鸡蛋皮还在饭里，鸡肉都没有，就给个鸡爪，真心不好吃
1,东西好吃，就是只点了两份面还送错了一份！订的是牛杂面送了份牛肉面，价格也有差别呀！
1,"经常买,卷都挺好,第一次买八宝菜太难吃了,建议改改"
0,整整两个小时才收到饭～啥都不说了
0,外卖比在店里吃差很多⋯⋯
0,"还行把,就是饮料到的时候给挤坏了，都撒了。没喝几口"
0,不怎么样，味道也差
0,什么破海鲜炒饭就放了几块鱿鱼绿豆鸡蛋很难吃一点味道都没有还29元
1,饭菜质量很好，服务好。送饭速度快。
1,"收到煎饼余温都没有,都塌了,真是不能再慢了"
1,"百度外卖的师傅人太好了,必须给五星好评"
1,中规中矩。
0,"次奥你吗,三个小时,才特么到,吃你妈比,谁特么也别定,定了都得饿死你们"
0,"招牌肥牛不错。玉米沙拉不好吃,买亏了。"
0,"有的时候因为App设计点错送餐地址,这时候取消了再下单,就会被店家取消订单,导致没办法订,很无奈"
0,取餐后四十分钟送到
1,不错～很好！！点了两份，中午下午都有了～
0,我备注了不要放肉沫，，那肉沫还是放了，放了那么多，
1,"送达时间非常准时,味道不错"
1,这个套餐太值了，从下单到到达，简直是空运的速度
1,不错！肉好多，能再夹点菜就好了
0,煎饼很好吃，豆腐脑一般，没放香菜和辣椒，味道差了一点，炸茄盒里面的肉馅没味道，知道靠着外面一点椒盐的味道，还有改进空间。
0,"没货的的餐点还往上挂,下单了快1个小时了才打电话说玫瑰饼没了,态度还差劲得要死"
0,比别人先定的还比别人后到是什么原因
0,点了两瓶啤酒就送了一瓶
0,怎么还没到
0,量很小，味道差
0,菜量变小，送餐不送上楼
0,送的还算快，但是肥肉太多，吃得有点恶心。皮蛋瘦肉粥一般般。总体一般般。
0,"饭菜提前1个小时就送来了，而且都凉了，果断取消订单,挂断放弃，再也不会订了，连热饭菜都吃不上"
0,送餐送了2小时…电话催了无数次…送来还少了一个…崩溃
0,真的是超级慢啊，以后不会再选了
0,口味还行，送货速度太慢了额，等了一个半小时
1,味道不错，要是没有优惠，就太不值当了
1,"很好吃,包装很高大上"
1,"粥一般,饼不错"
0,点的大杯，打开一看就一半，连小杯的量都算不上
1,送来的时间还是能接受的，菜品也都保存的很好
0,送餐慢，13:40才送到，点的两样菜都不值得推荐
0,送了两天了不知道你们把餐送到哪里了，我都没有收到就交易完成？你们还真是会意淫的，小伙子你很有前途吗
1,宫爆鸡丁没放辣椒，简直了，也就因为家里有小朋友不能吃辣，不然就直接倒了，太难吃了
0,太慢，太慢，太慢
1,"送餐特别快,态度也好,辛苦啦"
1,不愧是老字号，点心味道就是好吃啊！骑士送货速度很快，为人和善，必须赞一个！
1,好吃，馅料超级足！
0,"真的很难吃,这个什么骨汤乌冬面…"
0,挺失望的，不如想象的好吃
1,疙瘩汤非常适合小朋友吃，疙瘩又多又小
0,很不好吃。
1,非常好，很喜欢，包装很精致
0,川湘菜做成江浙沪菜，鱼香茄子是甜味
0,垃圾，不要订
0,"还不错,就是想吃两个蛋的煎饼不知道怎么算价格"
0,20的套餐，4个菜，还行吧。
0,经典巧克力没给奶油
0,很好吃就是时间长了点
0,真心太咸了，太咸了，太咸了，唉
0,"公司就在他们旁边,所以经常吃，但是今天真的是最不好的一次。,土豆丝不咸不酸什么味道没有，家里也没有醋，简直就是吃原味....,建议店家换个粥的外卖盒子，实在太软了，,我收到的时候盒子已经烫的变形了，不夸张的说撒了有一半..."
0,太差了，外卖骑上是骑蜗牛来的吗？
1,速度快，优惠大，味道佳
0,非常慢，其中催单也没人理会
0,五花肉泡菜饭里一片五花肉都没有，不知道是厨师忘了放了还是怎么着。太坑了！
1,送得太慢了～味道很好
0,"锅包肉太甜了。松仁玉米水太多了,感觉没几个松子"
0,大家都不要买，恶心死了，明明定的是豆浆，送来的确是可乐，还不给退，然后补送来的豆浆一打开里面长长一根头发，太恶心了！！！
0,送餐太慢！！！
0,"蜡烛,餐具都没有,真赢了,要不是看送蛋糕的不容易,就给差评了,只能给你很一般的评价"
0,"等了一个多小时,但是今天下雨,也能理解,特色牛肉卷饼不好吃,没味道,粥还小"
0,比约定时间晚了整整40分钟！问送餐员怎么晚那么久，居然说饭你要不要吧？！真么见过这样的，还没一点歉意。百度客服也就那么回事，形同虚设！
0,麻婆豆腐口味绝对需要提高！肉饼和茄条好次，扳回。送餐很快！
0,饭的口感还可以，送餐速度太慢，离的远可以理解，少送了果汁，之后处理好了。服务态度还可以，都不容易，总体好评吧
1,好好吃～～
0,这次时间真的有点长
0,态度太差！
1,送餐的大叔非常好
1,"神速,惊呆啦"
0,没有收到货，该退款的吧
0,"太慢啦,然后饭都凉了,很难吃,我发誓就这一次"
0,点的岩盐芝士可可和奥利奥奶茶，送来的两个全错了！
0,今天菜品普遍反应较差，好几个同事一起订，结果都说很失望，特别是荤菜差太多，希望店家多考虑一下吃货们的感觉…期待下次就餐能有所改善，谢谢!
0,好多肥肉啊
0,1个小时40分。全都凉了。
1,"挺好的,味道和服务都不错"
1,不脆了可惜
0,"特别慢,建议大家早上订晚上的饭,这样大概能准时送达,服务态度极差"
0,难吃的一逼，体验差，名不副实。
0,11：23定的，13：21送到的，电话打了18个，不是关机就是打不通，偶尔通一次，还没人接
0,难吃，还贵，明明在线支付了25元，饭到了，单子上却显示支付了18.85元！这是怎么回事？
0,当时收餐时没检查，第二天早上发现红丝绒蛋糕没给。
0,小坛东坡肘子好难吃，辣的，怪怪的味道
1,鸽子鲜嫩，味道不错，送货及时。
0,天哪太慢了。真的要2个小时。肉多量大但是酱料太少味道有点淡。皮特别厚
0,尖椒肉丝吃出来个苍蝇
0,速度慢味道差
0,宇宙卷饼是饶了宇宙一圈才送到的吧，等了2个多小时也是醉了。
0,"估计这家要穿越宇宙配送,已黑名单"
1,感谢配送员，我选错了地址，他也帮我送了，感谢！
0,"如果不是减8元的活动不值得买了。17的定价你们对得起么,味道还行。12元比较合适，14，5元要加饮料了。"
1,好吃，送货快，配送员很好
0,非常的不好吃
0,"要是不想饿死,就别要他家饭,等了三个来小时,你大爷的"
0,菜量还不错，就是土豆丝炒鸡蛋基本没味儿。锅贴做的也和一般店里锅贴不一样…油大…
0,差评，口感一般，量不够，最过分的是等了半天，快递小哥让我去楼下自取，说没有地址！324不知道在3层？？？！！！
0,"垃圾,三个小时才到"
0,还凑合，最近套餐都不好吃
0,时间差距太大了……吃饭的心情都等没了
0,"搞活动买的,9块钱都觉得不值,就一个蛋几块豆腐加上一点点的泡菜汤的调味料,。。。。。"
0,什锦蘑菇饭图片与送来实物的严重不符，根本没有鸡蛋。而且米饭也太少了，还这么贵，真是太失望了
0,骗人的地方，点了餐要是送不来到是说话呀，根本没人理，中午饭你下午两点送是什么意思呀
1,很好吃，面皮特别有嚼劲儿，酱料也很好吃
0,再也不吃了
0,"到达时间晚,因为下雨可以理解,就是收到凉了,自己加热后,食用味道一般,不是很喜欢"
0,快递小哥很快，服务态度很好
1,好快！！！味道不错
0,怎么送的，菜都被压出来了
1,送餐师傅好棒！特别快就送过来了！吃的也不错
0,比预期送餐时间晚一个多小时
0,味道还好吧
0,本来想给一颗星的，但是看在pizza挺好吃的份上，给两颗星了。需要说的额是，送餐慢了30分钟左右，这还能忍，不能忍的是，现在活动期有三种住方式，我选的是在线支付。和折扣率最高的百度钱包貌似出票方式不同，不知道是餐厅和送餐员说的还是送餐员自己理解的，居然说我还未支付。如果不是支付宝有扣款短信，我估计还真以为我未支付的，傻不愣登的再交一分钱。。。最后夸下，她家pizza味道不错。有耐心的人值得购买。。。
0,京酱肉丝的还可以，肘子的没有酱，太干了
0,味道不错，但是说好的送果汁怎么没送！不诚信啊
1,"披萨好吃！,送餐小弟很给力！"
0,卤蛋点了没送！
1,"刚下那个单就给你打电话了,你一分钟就给我做出来了？平时定的时候你怎么没那么快啊,这回顶个单你这么快埋怨我"
0,很好！很实惠！
1,习惯好评，味道对我来说，很一般，豆腐脑太淡了，煎饼明明要的是薄脆的，结果送来的还是油条的，哎
1,味道还是很好，会继续使用
0,操，送来全洒了不说，大夏天送来全是凉的，一个半小时送到，你们是特么做蜗牛来的吗？破外卖，必须你妈负分。菜品也特么很一般。
0,等了一个多小时也就算了，粥撒了一半，袋子里面糊成一片！还让人怎么吃！！！！送餐的大爷态度还行
0,松仁玉米太难吃了这次的
1,感谢骑士冒着严寒送餐，辛苦了
0,送餐太慢了！！！
0,这送的也太慢了，来了之后基本都是凉的，学校离着五道口几百米，还这么慢，1个多小时啊！感觉不会再爱了。
0,比配送时间迟了两个小时也就算了，法式焦糖布丁，送的是沙拉，送的沙拉也就算了，没打开盖就送到一跟头发，和一个发霉的点，还有一块坏的水果。太差了
0,"真特么慢,cao"
1,好实在，还会来
0,不能加图...差评！反正红茶上已完全无奶盖，逗我？
0,菜量太小，送到都已经凉掉了
0,鱼香肉丝味道一般，南瓜粥太淡了
1,送餐员太好了，跑了两个地方，辛苦了
1,岩盐芝士绿茶每单必点
0,送菜员，忘记带啤酒过来了，太马虎了，害的我老醋花生白点了!!!没见过这样的送餐的。
0,买三样送错两样也就算了！面里竟然有钢丝球！真受不了了！再也不吃！差评差评差评！！！
1,口感好其他的不能比我喜欢
0,卷饼铝箔把嘴唇划破了，郁闷
0,"速度太慢,不要了"
0,两个小时之久？且不说味道，就这速度受不鸟
0,土匪猪肝不新鲜，其他菜也不好吃
1,送的有点晚，挺好吃
0,卷饼的菜和图片上差别太大了…半点黄瓜丝也没有，青椒丝就一根，剩下基本是土豆。淡而无味。再也不买了。
0,送餐的人什么态度，摆一副臭脸给她妈谁看啊
1,南瓜羹不错
1,"速度很快,谢谢送餐员,辛苦"
1,谢谢师傅，辛苦了！非常准时！
0,吃出苍蝇和虫子了、恶心
0,难道是过年厨师回家了，替补厨师做的？锅包肉炸老了，咬不动，宫保鸡丁像是回锅的，西兰花切块还能再大一点吗？百度外卖好久，一直都很好，这次实在忍不了了，绝对差评
0,"面成了面疙瘩,全倒了"
0,"服务态度很好,可是我打开饭盒,发现跟我看到的图片里面的东西完全不一样,这个菜我不喜欢吃啊"
0,"两个小时才送到,我是真苦了"
0,送得太慢了，险些饿死…
0,知道慢，说早点点吧，快2个小时才送到，怎么那么难做呢
1,配送速度真的很快，怏送小弟很好
0,终于赶在半价以前把晚餐送来了，实在是“感谢”！饭盒一看就是装盖饭的尺寸，如果是这样就不必多花那几块钱。菜的颜色早已不新鲜，看来是吃了中午的剩菜。除了快递员还知道有些不好意思外，实在没有什么可值得称赞的，放了勾芡这些已然没必要再提了。
0,好多肥肉呀
0,为什么这次叫餐90分钟还没送到
0,给差是因为第二次订餐时拒绝出餐
1,肉很足，很香。中份的量也很大，足够吃了。不爱吃肉的慎点，肉多的吃得有点恶心了
0,粥越喝越咸，不明白为啥卖那么贵。流沙包送到是凉的已经凝固了
0,外送员很赞，商家能不能仔细看订单啊！点的干拌面送来的是汤面，说了粉汤羊血要多加辣椒送来的一点儿辣没有！！
0,土豆牛肉盖饭里的牛肉做的跟板筋一样
1,百度骑士服务很好，全五分好评
0,"两个小时等待,不值,肉很腻,味道不好,食物都是冷的"
0,"一般般，真心一般般,不是朋友要吃，不会买"
0,非常不满！！！！搞笑吗？？？汤送过来的时候全都撒掉了，剩下一口不到。仔细看了下，盖子根本就没盖紧，跟快递员没关系，明显是商家打包的时候没盖好盖子，严重不满，气死了！！！！
1,送蛋糕很快到家，蛋糕很好吃，赞
0,送的这么慢还请假啥。
0,挺干净，就是有点清淡，特别强调配送员特别有耐心
0,好几次十点半定餐，都是一点送到、速度太慢、差评！耽误事、
0,漏了，漏了，漏了
0,"送到时间很晚,完了半个多小时送到的饭都是凉的,全是硬坨"
1,我还以为有多大呢。
0,总是忘记给筷子勺子，而且延误了半个多小时
1,对于北方的女汉子中份的卷饼稍稍有点不够吃，喝了粥就好多了
0,破了好几个，有一盒里面还有不少饺子汤，麻烦敬业一点
0,油撒的哪哪都是！！米飯都被油泡了！還沒筷子！
0,点的鱼头，简直跟垃圾一样。鱼头都臭了。
0,饭居然是夹生的！！！
0,"虽然百度团购便宜，但是真的不差几块钱！经常定各种外面，头一次是自己下楼取餐，那既然出门了就不如饭店吃了，为什么要定外卖？,出门取餐前还以为配送餐多，不方便上楼，自己就从六楼下去了，结果就我这一份外买，第一次经历这样的外卖。不省心不省时不省力，不知道店家是怎样理解外卖的宗旨的。"
1,外送员打了5次电话，问地址！真是无语
0,5块钱一份的鹌鹑蛋居然只有2个。。。
0,慢慢慢，快三个小时
0,"卷饼里面建议放点酱之类,那样应该会更好吃"
0,第一次尝试，不好吃，没有鳕鱼好吃
0,海带烧肉真心吃不了，海带居然是酸的，都没吃，其他倒还不错。
0,各种晚啊，要么就提前2小时送，总之完全不看预定时间的
0,竟然没满减也没百度付减活动
0,真的等了挺久的，也不是用餐高峰时段点的，每次反应过来的时候发现等了1个多小时！
0,呵呵﹉一颗星都不想给你
1,"挺好。,就是备注不吃辣，还是放了辣椒。"
0,网站上写着有发票的。送来的时候却没有。
0,可能因为是外送，量比平时在店里喝少太多了。也就大半杯。无语了
1,"大虾很好吃好评,..."
1,很好吃，百度外卖很实惠
0,饭菜少到吃不饱！还不如吃不好的食堂！看来又可以用上美团和饿了吗来三选一！
0,怀疑送餐员是跳着过来的吗？那杯子洒的惨不忍睹，有1/4都在路上了吧。送餐的很不负责。
0,送餐太慢一个小时才到，而且到了都不热乎了，不好吃
0,大盘鸡的鸡肉是粉红色的，太怪异了，感觉像是被染了色
0,0星，受不了这app的假状态
0,1点多才送，饭真没以前好吃了
0,送餐的人说到了，压根没见到人，还冲我吼吼吼！
1,饺子很好吃，送餐很快
0,"差不多两个小时才送到，要的七喜，送来的可乐，而且都没气，可乐成糖水了,汉堡跟薯条挺好"
1,中盘鸡好大份两个人吃了两顿才吃完。味道非常好
1,一如既往，好！非常满意！谢谢商家哦！
0,没有按时送到啊
0,因为一直没有点上肘子卷饼，今天特地10点就点餐了。基本按时间送到，包装服务都挺好。但是！这也不能抵住我的失望，我期待的大片肘子变成一个一个的瘦肉块和肥肉丁！这怎么会是肘子这就是炒肉丁加辣椒好么！说加辣酱没有吃出来辣酱味道，饼还甜甜的。
0,时间太长，而且咖啡洒了一半
1,好极了！送来还是热的！
0,味道不错，等的时间太长了
1,快递小哥服务好，速度快
1,菜量很足，一个人吃一个卷饼一碗粥压力很大……包装袋不错
0,真是服了，等了将近两个小时才到，送餐的人说什么要下雨了还催我下来拿态度特别差。。
0,送餐速度太慢，下次不会再买了！
0,送到了已经凉了...
1,准时，效率，有责任心！赞
0,味道还行，配送太慢
0,点了三碗汤，不给勺怎么用！！！专门留言要勺了你们眼瞎！！！
0,尖椒土豆卷，全是土豆丝，大概有六七根尖椒丝，上次吃完没事，这次吃完拉肚子了，不知道是不是素拌饭的问题。
0,送餐师傅人不错，不过菜很不好吃，量也不够
0,送错单！！！让我吃别人点的面。。。太可笑了。。。送餐员是个老头子，实在看他可怜。不然就投诉客服了。。。
1,还是可圈可点的
0,配送服务太差！
1,"味道不错,味道不错。。"
1,肘子卷好腻，吃完有点想吐……太油了，肥肉太多，没有太肚饿酱料调和一下
1,快递大叔人特别好。就是百度外卖现在连个优惠都那个少，真要投奔饿了么了。。。。
0,"和店家讲了，辣一点,结果没拿辣椒"
0,鸡翅太太太太咸了
1,价格实惠，值得购买。
1,夹油条的才是煎饼果子，口味不错，可惜没放香菜，藕盒也还不错
1,师傅辛苦了，认真负责，找了半天
0,"说实话不怎么样啊,根本不够吃,还那么贵"
0,我4点50订的和别人5点半订的一起在6点半过来
1,超级棒！超级棒！超级棒！
0,各方面都不如之前了
1,送餐很快，菜品不错。
1,好服务，好菜品，非常好！就是一荤一素里面的蔬菜比期望的少一点，另外，送餐费太高、能否降一降
1,我靠简直神速！！！
0,速度够慢的
0,"世界上最难吃的,羊肉泡馍,卖盐的欠他们家钱。肯定打死的。"
1,强烈建议添加凉菜，肘子肉很多，京酱肉丝稍微有点水
1,肉肉很多，很好吃
1,都不错，配送员很负责
0,订单不显示进展，一单追了两个小时。店里大姐态度极差
0,送餐比蜗牛还慢！晚了2个小时一辈子都不会在光顾
1,包子味美，孩子很喜欢。
0,备注说明要发票没有给。
0,突然收配送费了，不习惯
0,"打了3个电话,送餐的不知道酒店地址,足足1个半小时多,菜已经闷的变味,吃了几口实在不能忍,不会再点了"
0,送餐时间提前太多，中午吃饭时已经凉了，以后请按指定时间送
0,蛋糕有点儿太甜了，没想像的好吃
0,"面条不仅是凉的还坨了,吃的直犯恶心,排骨要的中份量给的跟小份一样,太少,银耳莲子羹都撒到袋子里了,希望以后能有改进"
1,"送餐快,送餐大哥态度好,辛苦啦"
0,超级差劲，饭里边好多石头，怀疑是否有洗过啊，卫生肯定有问题，而且饭菜一点都不好吃，慎重选择。
0,又一次晚送
0,"北菇滑鸡蒸饭只有五块鸡肉。。。五块鸡肉。。。五块。,不会再点了"
0,我真的没有延时评价
1,非常好吃，包装袋也很用心
1,说好的豆瓣酱哪去了，忘了吗？
0,不知道怎么打包的，全是锅巴，真锻炼牙口！
1,粥里有钢丝球的小茬π_π不是第一次了
0,等的花儿都谢了。
0,味道还不错，就是太慢了2个多小时，哎～鸡胗里面全是辣椒没有几块鸡胗
0,个人觉得和汉拿山差多啦！送的时候已经让人觉得没什么胃口了！
1,"很方便,离学校很近"
1,送餐很快，味道好，两个菜一盒蛋炒饭足够俩人吃了
0,太慢了，建议提前两个小时定...
0,希望米饭给一满盒。一满盒。一满盒
0,还可以，比预计时间晚了一小时到，不过还好
0,第一次忘送粥了
0,活生生的等了一个多小时，这速度也是醉了，
0,一个多小时送到！打开之后发现饭都是凉的！！！差到家了！
1,送餐快，非常好
1,服务好速度快100分
1,送餐迅速，味道好。
0,有漏餐，总的不过还算可以，
1,菜品一直都很美味。百度外卖的送餐师傅们真辛苦，每次送餐还都不忘说一句:祝您用餐愉快。必须给个大大的赞啊！百度外卖会越来越好的(^_^)
1,很准时，而且这次包装很认真，用券太划算了！
0,没给酱，很难吃
0,送餐有些慢，菜的味道不错
0,要的发票没有，餐具也不够，太差劲了，配送时间晚了半个多小时，饿死了都
0,一个步行5分钟就能到的店，2个小时才送到，说到学校了，40多分钟没给我联系，不清楚这家店到底怎么做生意的
0,我只想说不给吸管你告诉我怎么喝？
1,"我感觉还不错哦,干净,卫生,就是那个双蘑菇量也有点太少了吧,就一小碗,不过好吃是真的,下次还会继续订,嘎嘎~"
0,极烂！！！！！！！！不要订他们家的，送餐员不务正业大风天还躲着避风，导致晚了3个小时才送到，饭菜都凉了，味道也不咋地
0,饭送来是纯凉的，而且是拌好的…看着没食欲
0,配送又慢，而且永远都送错地方，看不懂中国字！
0,"太慢了,一个小时二十分钟才到"
1,酸汤的牛肉面对我来说不够酸，总体都还不错
1,花卷不错，汤也挺好的，送货快
1,盐酥鸡太不正宗，不好吃，饭不错啊
0,面有点软了，和在店里吃的量不一样多
1,热情！速度快！
0,晚了半个多小时，菜汤都撒了。。送餐员没到就给打电话说到了，结果又在楼下等送餐员。。。。服务太差！！！！差差差差差差差！！！！百度快变回减8块的活动吧，别减13了，根本就不保证服务质量
0,"送过来面都成一坨了,！！！！！"
0,十点五十定的十二点四十到，肘子感觉有点怪味，肥肉里面还有瘤子，不会再点了。。
0,"菜品很一般,快递速度快"
1,好吃还有优惠
0,支付方式太差
1,感觉真不错，看包装就给人干净放心样子，量也很足，不错
1,很不错，送餐速度加快了
0,饼还好，就是送餐速度太慢了～
0,"送错了,打电话要求补送也不送"
0,千万别点鸡块，鸡翅，鸡肉堡，这家店做的又贵又难吃（）。食物送来的时候都散了，里面也没有餐巾纸。唯一好的就是番茄酱给的挺多。
1,吃了牛肉，鸡肉和肘子，最后结论还是肘子好吃～
1,帮女朋友订的，味道很好。
1,干煸四季豆特别好吃，豆腐太嫩！
1,东西还可以，就是速度慢了些。
0,送餐太慢，收着送餐费还超时半个小时！最后一个送我的，面条全粘了！
0,第一次在这家订，也是最后一次，两个小时才送到，呵呵
1,比想象中快多了～赞一个
0,米线是碎的，太难吃了，吃过的最难吃米线，还38块钱
0,"卷饼挺好吃的,就是送的太慢,快两个小时了"
0,两个多小时才送到
1,很快，好吃，味道足，量大
0,不大好吃……
0,鸡肉荤死了！难吃，太难吃了！
1,东西有点硬，不及别的地方吃的松软
1,就是酱香鸡腿味，我说要吃辣一点也没给我加，关键送来是凉的，凉凉的，是一点点热都没有的，买了38的大份才吃饱，我是妹子。
0,"不好吃,饭根本不像饭,难吃的咽不下去"
1,一如既往的好
0,说实话也不会再点了！因为菜量基本比实体店少了一半，实体店两个人点这些吃剩下打包的都比我今天点的一个菜多！十分不满意！差评！差评！
0,"根本和粤菜牛马不相及,河粉全是酱油,又黑又咸"
0,量太少，大酱汤套餐真心不值！一份汤，一碗米饭，一盘咸菜竟然那么贵，没尝出好吃来，一般吧
0,"简直太慢了,史上最慢啊,两公里的路还要打两次电话问在哪里,醉了"
0,"粥太难喝了,有股馊味"
0,"送餐员棒棒哒！,不过商家很恶心，明明点的京酱肉丝，送来的单子里写的也是京酱肉丝，但是盒子里装的却是一个狮子头，包装是大鸭梨的袋子直接包好的，打电话还不认。整个意思是送餐员换了或客户没事找事。真是太会做生意了。"
1,第一次用，感觉很好！
0,量太少了，不够吃，都能数过来
1,速度需提升，再接再厉
0,木耳太不新鲜，吃完拉肚子了
0,送的有点儿慢，不过还是挺好吃的。
0,太糟糕了，大份的薯条只装了包装的不到一半。汉堡都像是儿童餐！
1,出门不便，一个订单，非常快就送到了。也就十几分钟。
0,"蛋糕要的品种没了换其他了,饮品甜的发腻,鸡肉卷里掺了猪肉,差劲！又贵又难吃！"
0,"送的超级慢…,薯条都干了,整个俩小时才送到"
1,外卖给力煎饼非常给力
0,卷饼的皮很硬，肉也不是肘子肉，没有以前好吃了，很失望，近期不会再点了。
0,看不到榴莲，只有奶油，198不值那个钱
0,吃饺子没有蒜酱。
1,挺好的。配送服务也很好，辛苦了。
0,少送了一份粥
0,点了一个石锅拌饭真的好难吃
1,服务态度很好。
0,不是一般的慢，1.30才到。再也不会来了
0,11点半定的餐，13点10分才送到，打电话催单，答复是配送员不熟悉道儿，吃的整个是冷餐，不知道留电话是干什么用的，配送员还把收的钱放在我的餐袋里，与餐巾纸放在一起，可见卫生意识太差了。
0,米条全是洋葱。。。
0,"味道不错,就是送餐慢了"
0,太烂了，扁豆丝盖饭尽然没搁盐，烂。之前有两次点盖饭没有饭，都忍了，这次尽然不搁盐，烂，烂，烂
0,地三鲜，茄子里面有很多是生的
1,汇源果汁怎搞是苦汁？其他还不错，肘子卷是小块肥肉与瘦肉吧！总体不错，推荐购买！！
1,挺好吃的，下雨天还送到楼下，辛苦啦，就是有点咸了
1,很棒，未来一个月午饭就交给你们了。
0,看了菜单没有芹菜的，连续两次都有芹菜，坑死我了
0,"网页标明20起送，打电话来说要28才能起送，取消订单,再次下单还是被取消订单,且打电话来的服务员态度极差！！！！！！！！！！"
0,不要点番茄肥牛，因为里面没有肥牛，不要另加肥牛，因为另加也没有
0,"好评，必须好评，有点如下:,1，有创意:把肉夹馍的皮去掉，换成煎饼包肉，有创意。,2，量足:图片是两个，实际只有一个，只要吃三个就饱了。,3，便宜:20块钱买个肉夹馍，真值。,4，送餐及时:十一点半订的，说十二点半到，结果一点半就到了。,必须赞!!!"
0,"量少,最主要凉皮要麻酱,已经备注,可是送来根本不是"
0,说好的发票呢
0,"根本没减单啊,没有优惠啊"
0,没有按要求做，有豆芽和海带。
0,根本就没送
0,对外卖员的态度很不满，而且送餐连餐具都没有，一饭一汤拿手喝啊
1,快递很及时，很方便很好
0,没有山有花披萨好吃，送餐慢，披萨来了都冷啦
0,等了2个小时，送餐员找不到餐厅，菜等得都凉了。希望改进。
0,又没加浓缩，备注里面写的很清楚，为什么十次有八次都没加浓缩！！！百度外卖真的服务这么差吗？是星巴克问题还是百度外卖问题？？？
1,"听闻不错,亲自品尝,面的味道确实可以"
0,"妈蛋,米饭里有块儿石头,发现的早,要不牙非碎掉了"
1,"本单由,百度,配送并提供售后服务"
0,点错了！菜没有按时送达，到现在还没有送到
0,米饭就薄薄一层，太坑爹了
1,配送员神速！点心也很新鲜！好！
0,量少到想哭
1,好评，服务好，态度好，味道也很好！
0,速度快，吃的时候没感觉，当天凌晨4点上吐下泻！请问你们是放啥药了？
0,零分，吃到一只死蚊子，菜有泥巴。
0,少送了米饭，还拒不补送，投诉后才补送，可已经是很久之后了，店家态度极差！
0,太慢了送的，服务态度还是不错，不过速度实在不能忍受，不会在订了
0,没有拿吸管，有东西没了也不提前通知
1,配送还算快，两个多小时送到，挺好吃的朋友们都喜欢
0,"东西太贵,分量太少,快递太慢"
0,"特意写了土豆丝免辣,结果商家还是炒得辣的,送货特别好"
0,给麻麻点的，她吃不习惯。
0,"都说不要甜的了,还给甜的"
1,很配送员很好，辛苦了，面也很好，很快
0,商务十点半左右定的餐，到下午两点了还没送到。打电话取消订单了，为什么是“订单已完成”而且没退钱？
0,肝有点味不对了，倒了
0,"难吃,差评,送了,整整两个小时，想发脾气,投诉，送餐员说跟餐厅不是一家，不想要可以,退了，气得人一点脾气都没有，差极了，以后再也不用了,妈蛋！！！！"
0,饭还可以，速度太慢了，5分钟的路程，足足等了1个多小时
0,"不是不体谅送餐人员,但是不能到就别预计早的时间,晚半个小时下面行程都耽误了"
0,炒饭好硬，豆角太老
0,送餐慢，汤里的粉条根本没给放
0,"凉的,怕拉肚子没吃"
0,肉太少……
0,非常不满意，量少
1,谢谢咯，辛苦了。
0,十点半订餐，现在一点半还没送到，打电话不是占线就是不接，最后状态竟然变成已完成状态？
1,下次记得给我带肘子里的醋
0,菜太少了吧
0,等了好久才送到~
0,有股怪味，吃着没食欲
0,差评，真的不是想吐槽。我也是个差不多就行的人，不过这个也差太多了。订单100多分钟才送到，期间多次打电话催促回应也只是催单，这也就算了，说好的不要葱花香菜等100分钟送来的还是带的，而且送来以后煎饼都软了。我平时差不多的都是给满分，但今天这种情况真是得吐槽一下了。
0,我点的凉菜，给我送一盒热的烂白菜
0,送了一个半小时没送到，最终送到了还没带筷子，催外卖门店不给回电话。这种店应该倒闭。
1,第二次点了，量大，很不错
0,米线有点软
1,没有餐具哦，还要自己点餐具么
0,两个半小时才送来，非常不满意！说什么停电两个小时，那停电你就别接单啊，我叫别家外卖也行啊，或者提前打电话解释一下也可以啊！
1,味道不错！
0,菜不错，快递不给力，就一个师傅，给人累的够呛。
0,实际是快8点才送到的，无语
0,他家的事物真的很一般只是方便而已
1,送货速度真的太快了！！
0,时间太长，休息日居然90分钟，味道一般
0,"正面：卷饼味道确实不错；,负面：送餐很慢，订单标注需要送到房间，外卖员非常不耐烦，上来之后竟然还骂骂咧咧，非常恶劣，以后再也不定了，也不会推荐楼上其他人订。"
0,说好的石锅拌饭呢，差评
0,"送餐速度神速,刚下单,餐就来了,但不是我点的菜"
0,点的至尊肥牛，结果店家打电话来说至尊肥牛没了，换了个红烧牛肉。但是同宿舍的人同一时间定的至尊肥牛就有。不知道店家是什么意思。之前好几次都打电话让换，但是实际上有。
0,我点的大份肉卷，价格是小的两倍，但是大小几乎和小的一样！打电话过去，老板竟然跟我说就是这么大！还和我说各类服务员生病的借口(语气就是胡乱临时编造出来的)。此外，他们的粥简直没法喝，几乎全是水加上一点点米饭。真是没见过这样赚钱的！摆明了就是为了赚百度的钱！
1,好吃而且包装的特别仔细，还送了手套，很贴心，超级满意
0,备注已说明，没有配带醋。
0,"送到了以后,抄手都烂了,都是皮了,坨成一疙瘩,根本弄不开"
0,送的倒是挺快的，只是汉堡做那么小好意思吗？
1,快递师傅很快送到，辛苦啦。
1,这大下雪天的百度骑士非常好非常快的送来了，必须好评大赞
0,油里泡出来的，肉段硬的跟柴火似的。差评。
0,"送错东西了,要的海鲜饭,送的海鲜面,要的鸡翅,送的培根饭"
0,同样的餐点，不一样的配餐，一个里面有5种菜品，一个只有菠菜。同样的价钱，不一样的菜，备注里特异写了带酱油，结果还是没有带。菜品有汤汁，撒的所料带里全都都，和没有汤差不多。好差，送来的菜品撒的筷子上全是汤超级不好。
0,慢死了，不好吃，百度外卖不靠谱，没意思！两个多小时等待。
0,太慢了，昨天港丽只用了39分，你们今天用了快两个小时！！！！
0,凉皮没给酱料完全没有味道，馄饨里胡椒粉放太多了，但肉夹馍还是一如既往的好
0,"客服电话完全打不通,两个小时才送来,早饭变午饭,没见过这么过分的,再也不会定了！"
0,太辣了，辣椒太多
0,东西都凉了，而且1个多小时太宽张了吧
0,锅塌鸡蛋味精放太多了，吃一口就丢了，凉菜都很好吃，饺子很称职的饺子本人！
0,速度很快，但備註的加辣完全忘了！
0,送了俩小时！
1,牛肉蔬菜拌饭是辣的。不吃辣哎。这家还是宇宙饼最好吃。
1,卷饼太好吃啦！蔬菜鸡肉卷，鸡肉很足，蔬菜有青椒、香菇、豆芽、洋葱、土豆丝。口味和淡，不油腻，非常健康！
0,送的不准时
1,非常快非常好
0,"2点啊,才吃上午饭,饿瘪了"
0,太难吃了，吃到最后碗底有蟑螂，恶心死了
0,预计11：30到达的，12：35才送，那也就算了，质量也不如以前了，面皮是有点生。
0,"太慢了,等了一个半小时，中号卷饼很大，有点辣，肉给的很多，没有酱？味道一般，南瓜粥没有味道也不甜。"
0,没有见过这么差的服务！！很气愤！
0,真心的觉得这个虾不好，都想吐了。虾肉不新鲜，虾肉一拔，虾肉就变成泥，肉质非常不好
1,"热干面口淡,皮蛋还不错,送货速度很快"
0,要的两个三鲜，来了个茴香和西葫芦，能说什么呢
0,点的茴香猪肉送成了白菜猪肉的
0,怪难吃的。特别咸。四个字。特别难吃
1,百度师傅人特别好，送餐也很快。菜品味道也不错。满意满意。
1,好吃，就是饺子坨了，帖在一起
0,第二次订这家的饭，但明显和上次不一样。上次订的很好吃，但这次像剩饭，包装上的地址也不对。
0,"1.,等了2个小时,打了大约10个电话,前几次根本没有任何回应只说帮忙问问,后来发飙了才有餐厅回应我。,2.,20多度的天气,东西放在保温箱里，送来都凉了,3.,饮料也洒了,简直不能忍,第一次在黄太吉订餐,从此黄太吉一生黑"
0,这样的送餐速度，饿死两遍了
1,喜欢。明天还会点。！！
1,送的超级快~~~京酱肉丝卷好好吃
0,太难吃了，尤其是那豆腐跟白水煮一样
1,骑士服务态度很好，速度很迅速！
1,味道有点怪，可能个人原因，不爱吃
0,很好吃！快递大叔很辛苦！
0,连续两天出问题，投诉！
1,很不错，速度挺快，就是油有点大
0,速度快，态度好
0,等了一小时结果送错了，因为要求重新送一份所以又等了十多分钟，而且真的不好吃！
1,吃了几回了，味道很好，实惠，商家考虑很周到，包装好，服务也好，满意，还会再来的哦！谢谢了！
1,比较远，不过还可以了
1,眉州东坡的菜品自然是没话说的。
1,好好好！赞赞赞！态度好速度快！
0,"第一,没拿发票,说是要备注,这样就算了,第二,没拿吸管,说是星巴克没给他.....,无奈,喝的热饮没喜欢就算了,星冰乐不给吸管告诉我怎么喝"
1,两个都很好吃，配送大哥人很好
1,菜味道很棒！送餐很及时！
0,红烧排骨，来的全是笋子。店里面卖的怎么和送的差距这么大？弄不好外卖就别弄，又慢又坑、
1,"特别快,感觉定完没几分钟就来了,送餐小哥很细心,赞一个"
1,好吃好吃好吃，重要的事说三遍
0,"太慢了！预计12:15到达！晚了一个多小时,没有任何回复！差评！！！！"
1,饭很好吃，一直吃眉州东坡
1,鸡肉非常多，棒棒达。
0,凉了。。。糖醋小丸子都有点凝固了。。。崩溃了。。唉
0,连续吃了两回了，味道不错，菜量小。不太够吃，最重要的问题是今天的干锅茶树菇里面的肉有几片没炒熟……下回请厨师大人一定要炒熟啊！
0,速度挺快的~就是有点撒了，点的抹茶拿铁太甜了……味道一般
0,蜗牛的速度
0,少送一个煎饼，客服电话打半天没人接，送餐的说开发票的不在回去给送回来，回去就不回来了，这么贵的煎饼这样烂的服务，好吗？？
1,"定位出了点问题超出了配送范围,但是快递人员还是耐心问路给送了,好评"
0,"2个小时才送来。,豆腐都臭了,不知道是送的太晚闷坏了。还是本来就坏了"
1,送餐有够慢，说是一个小时，结果快两个小时才到，我总觉得是商家一个小时才出餐，送餐时间也长
1,味道不错，百度骑士的速度很赞～
1,味道不错，口味偏甜
0,太难吃啦，量小，不好吃
1,很棒继续加油
0,还行吧定的11点15送到结果12点30送来的
0,菜有点咸，干锅土豆片油炸的太脆，不好吃是硬的
0,太慢了，两个小时啊！！！味道还行！
0,"送餐慢,量小"
0,"石锅拌饭真心不好吃,尤其是豆芽菜特别噎嗓子,冷面凑合"
1,外卖的饼有点软了，不过送餐还是比较准时的，一般都在30到50分钟之间就能送到，今天的豆浆没有糊味，赞一个！
0,饭是凉的！
0,这个贝勒烤肉套餐饭为什么没有米饭？只有菜，太坑爹啦
1,足不出户享受清凉，快递小哥谢谢啦～
0,要了发票为什么不给？！而且也不怎么好吃！
0,"量少，男生需大份。味道一般.,送餐时间一个多小时,,太慢了"
0,饺子上粘着虫，怎么吃
0,等了两个小时，都不容易，算了
0,确定这是肉夹馍？得用放大镜找肉吧，品质严重下降，不值这个价了，不会再买
1,点了三个菜，师傅拿来六盒子，量很大的。千叶豆腐和包菜咸了点，鱼香肉丝咸淡刚刚好，口味很好，干净卫生，没想到这么好，还送了几颗山楂，希望品质会一直保持，还会再来滴。
